タイトル,2017/05/23,おさいぽ！,"3,000",-,ファイル
,2017年4月30日,ムームードメイン,-,"1,382",%EF%BC%92%EF%BC%90%EF%BC%91%EF%BC%97%E5%B9%B4%E5%BA%A6%20%E7%A2%BA%E5%AE%9A%E7%94%B3%E5%91%8A%E6%9B%B8%E9%A1%9E%20%E3%81%B8%E3%83%86%E3%83%A0%E3%83%AB%E3%80%81%E3%83%A0%E3%83%BC%E3%83%A0%E3%83%BC%E3%83%89%E3%83%A1%E3%82%A4%E3%83%B3/untitled
,2017年4月30日,ムームードメイン,-,"1,382",%EF%BC%92%EF%BC%90%EF%BC%91%EF%BC%97%E5%B9%B4%E5%BA%A6%20%E7%A2%BA%E5%AE%9A%E7%94%B3%E5%91%8A%E6%9B%B8%E9%A1%9E%20%E3%81%B8%E3%83%86%E3%83%A0%E3%83%AB%E3%80%81%E3%83%A0%E3%83%BC%E3%83%A0%E3%83%BC%E3%83%89%E3%83%A1%E3%82%A4%E3%83%B3/untitled
,2017年4月30日,heteml（ヘテムル）,-,"4,860",%EF%BC%92%EF%BC%90%EF%BC%91%EF%BC%97%E5%B9%B4%E5%BA%A6%20%E7%A2%BA%E5%AE%9A%E7%94%B3%E5%91%8A%E6%9B%B8%E9%A1%9E%20%E3%81%B8%E3%83%86%E3%83%A0%E3%83%AB%E3%80%81%E3%83%A0%E3%83%BC%E3%83%A0%E3%83%BC%E3%83%89%E3%83%A1%E3%82%A4%E3%83%B3/untitled
,2017年4月30日,おさいぽ！,"7,630",-,%EF%BC%92%EF%BC%90%EF%BC%91%EF%BC%97%E5%B9%B4%E5%BA%A6%20%E7%A2%BA%E5%AE%9A%E7%94%B3%E5%91%8A%E6%9B%B8%E9%A1%9E%20%E3%81%B8%E3%83%86%E3%83%A0%E3%83%AB%E3%80%81%E3%83%A0%E3%83%BC%E3%83%A0%E3%83%BC%E3%83%89%E3%83%A1%E3%82%A4%E3%83%B3/untitled
,2017年3月31日,heteml（ヘテムル）,-,"4,860",%EF%BC%92%EF%BC%90%EF%BC%91%EF%BC%97%E5%B9%B4%E5%BA%A6%20%E7%A2%BA%E5%AE%9A%E7%94%B3%E5%91%8A%E6%9B%B8%E9%A1%9E%20%E3%81%B8%E3%83%86%E3%83%A0%E3%83%AB%E3%80%81%E3%83%A0%E3%83%BC%E3%83%A0%E3%83%BC%E3%83%89%E3%83%A1%E3%82%A4%E3%83%B3/untitled
,2017年3月31日,おさいぽ！,"4,360",-,%EF%BC%92%EF%BC%90%EF%BC%91%EF%BC%97%E5%B9%B4%E5%BA%A6%20%E7%A2%BA%E5%AE%9A%E7%94%B3%E5%91%8A%E6%9B%B8%E9%A1%9E%20%E3%81%B8%E3%83%86%E3%83%A0%E3%83%AB%E3%80%81%E3%83%A0%E3%83%BC%E3%83%A0%E3%83%BC%E3%83%89%E3%83%A1%E3%82%A4%E3%83%B3/untitled
,2017年3月31日,おさいぽ！,400,-,%EF%BC%92%EF%BC%90%EF%BC%91%EF%BC%97%E5%B9%B4%E5%BA%A6%20%E7%A2%BA%E5%AE%9A%E7%94%B3%E5%91%8A%E6%9B%B8%E9%A1%9E%20%E3%81%B8%E3%83%86%E3%83%A0%E3%83%AB%E3%80%81%E3%83%A0%E3%83%BC%E3%83%A0%E3%83%BC%E3%83%89%E3%83%A1%E3%82%A4%E3%83%B3/untitled
,2017年3月14日,ムームードメイン,-,"1,382",%EF%BC%92%EF%BC%90%EF%BC%91%EF%BC%97%E5%B9%B4%E5%BA%A6%20%E7%A2%BA%E5%AE%9A%E7%94%B3%E5%91%8A%E6%9B%B8%E9%A1%9E%20%E3%81%B8%E3%83%86%E3%83%A0%E3%83%AB%E3%80%81%E3%83%A0%E3%83%BC%E3%83%A0%E3%83%BC%E3%83%89%E3%83%A1%E3%82%A4%E3%83%B3/untitled
,2017年3月14日,おさいぽ！,"1,400",,%EF%BC%92%EF%BC%90%EF%BC%91%EF%BC%97%E5%B9%B4%E5%BA%A6%20%E7%A2%BA%E5%AE%9A%E7%94%B3%E5%91%8A%E6%9B%B8%E9%A1%9E%20%E3%81%B8%E3%83%86%E3%83%A0%E3%83%AB%E3%80%81%E3%83%A0%E3%83%BC%E3%83%A0%E3%83%BC%E3%83%89%E3%83%A1%E3%82%A4%E3%83%B3/untitled
