タイトル,2017/10/19,ムームードメイン,-,"1,382",ファイル
,2017年10月19日,おさいぽ！,"1,200",-,%EF%BC%92%EF%BC%90%EF%BC%91%EF%BC%97%E5%B9%B4%E5%BA%A6%20%E7%A2%BA%E5%AE%9A%E7%94%B3%E5%91%8A%E6%9B%B8%E9%A1%9E%20%E3%81%B8%E3%83%86%E3%83%A0%E3%83%AB%E3%80%81%E3%83%A0%E3%83%BC%E3%83%A0%E3%83%BC%E3%83%89%E3%83%A1%E3%82%A4%E3%83%B3/untitled
,2017年9月28日,heteml（ヘテムル）,-,"4,860",%EF%BC%92%EF%BC%90%EF%BC%91%EF%BC%97%E5%B9%B4%E5%BA%A6%20%E7%A2%BA%E5%AE%9A%E7%94%B3%E5%91%8A%E6%9B%B8%E9%A1%9E%20%E3%81%B8%E3%83%86%E3%83%A0%E3%83%AB%E3%80%81%E3%83%A0%E3%83%BC%E3%83%A0%E3%83%BC%E3%83%89%E3%83%A1%E3%82%A4%E3%83%B3/untitled
,2017年9月28日,おさいぽ！,"5,000",-,%EF%BC%92%EF%BC%90%EF%BC%91%EF%BC%97%E5%B9%B4%E5%BA%A6%20%E7%A2%BA%E5%AE%9A%E7%94%B3%E5%91%8A%E6%9B%B8%E9%A1%9E%20%E3%81%B8%E3%83%86%E3%83%A0%E3%83%AB%E3%80%81%E3%83%A0%E3%83%BC%E3%83%A0%E3%83%BC%E3%83%89%E3%83%A1%E3%82%A4%E3%83%B3/untitled
,2017年7月15日,ムームードメイン,-,"1,382",%EF%BC%92%EF%BC%90%EF%BC%91%EF%BC%97%E5%B9%B4%E5%BA%A6%20%E7%A2%BA%E5%AE%9A%E7%94%B3%E5%91%8A%E6%9B%B8%E9%A1%9E%20%E3%81%B8%E3%83%86%E3%83%A0%E3%83%AB%E3%80%81%E3%83%A0%E3%83%BC%E3%83%A0%E3%83%BC%E3%83%89%E3%83%A1%E3%82%A4%E3%83%B3/untitled
,2017年7月15日,おさいぽ！,"1,400",-,%EF%BC%92%EF%BC%90%EF%BC%91%EF%BC%97%E5%B9%B4%E5%BA%A6%20%E7%A2%BA%E5%AE%9A%E7%94%B3%E5%91%8A%E6%9B%B8%E9%A1%9E%20%E3%81%B8%E3%83%86%E3%83%A0%E3%83%AB%E3%80%81%E3%83%A0%E3%83%BC%E3%83%A0%E3%83%BC%E3%83%89%E3%83%A1%E3%82%A4%E3%83%B3/untitled
,2017年6月6日,ムームードメイン,-,"1,382",%EF%BC%92%EF%BC%90%EF%BC%91%EF%BC%97%E5%B9%B4%E5%BA%A6%20%E7%A2%BA%E5%AE%9A%E7%94%B3%E5%91%8A%E6%9B%B8%E9%A1%9E%20%E3%81%B8%E3%83%86%E3%83%A0%E3%83%AB%E3%80%81%E3%83%A0%E3%83%BC%E3%83%A0%E3%83%BC%E3%83%89%E3%83%A1%E3%82%A4%E3%83%B3/untitled
,2017年6月6日,おさいぽ！,"1,200",-,%EF%BC%92%EF%BC%90%EF%BC%91%EF%BC%97%E5%B9%B4%E5%BA%A6%20%E7%A2%BA%E5%AE%9A%E7%94%B3%E5%91%8A%E6%9B%B8%E9%A1%9E%20%E3%81%B8%E3%83%86%E3%83%A0%E3%83%AB%E3%80%81%E3%83%A0%E3%83%BC%E3%83%A0%E3%83%BC%E3%83%89%E3%83%A1%E3%82%A4%E3%83%B3/untitled
,2017年5月23日,ムームードメイン,-,"1,382",%EF%BC%92%EF%BC%90%EF%BC%91%EF%BC%97%E5%B9%B4%E5%BA%A6%20%E7%A2%BA%E5%AE%9A%E7%94%B3%E5%91%8A%E6%9B%B8%E9%A1%9E%20%E3%81%B8%E3%83%86%E3%83%A0%E3%83%AB%E3%80%81%E3%83%A0%E3%83%BC%E3%83%A0%E3%83%BC%E3%83%89%E3%83%A1%E3%82%A4%E3%83%B3/untitled
,2017年5月23日,ムームードメイン,-,"1,382",%EF%BC%92%EF%BC%90%EF%BC%91%EF%BC%97%E5%B9%B4%E5%BA%A6%20%E7%A2%BA%E5%AE%9A%E7%94%B3%E5%91%8A%E6%9B%B8%E9%A1%9E%20%E3%81%B8%E3%83%86%E3%83%A0%E3%83%AB%E3%80%81%E3%83%A0%E3%83%BC%E3%83%A0%E3%83%BC%E3%83%89%E3%83%A1%E3%82%A4%E3%83%B3/untitled
