入稿方法,WEB入稿 出荷済み,ファイル
支払方法,"三菱東京UFJ銀行 ご入金済み 
19,200円（消費税込）",%EF%BC%92%EF%BC%90%EF%BC%91%EF%BC%94%E5%B9%B4%EF%BC%98%E6%9C%88%EF%BC%94%E6%97%A5%20%E3%82%84%E3%82%8B%E3%81%93%E3%81%A8/untitled
配送方法,"配送No：2236996_001
• [ ] 西濃運輸 / 元払 
• [ ] 【出荷人】 宮脇大輔
〒4860958愛知県春日井市西本町2-7-15宝マンション味美第2 506号
• [ ] 【お届け先】 株式会社フェイスフル鈴木淳一朗
〒4200852静岡県静岡市葵区紺屋町11-19静鉄紺屋ビル ６Ｆ
お受け取り可能曜日：月　火　水　木　金　
お受け取り可能時間：午前中
枚数：2,000／2,000枚",%EF%BC%92%EF%BC%90%EF%BC%91%EF%BC%94%E5%B9%B4%EF%BC%98%E6%9C%88%EF%BC%94%E6%97%A5%20%E3%82%84%E3%82%8B%E3%81%93%E3%81%A8/untitled
