名前,マルチセレクト,日付
2022年09月27日,,
2020年6月19日　給付金,,
2022年10月15日,,
2022年09月30日,,
2023年02月28日（予備）,,
2023年05月27日,,
2022年03月14日 ＋ 2021年01月03日 2/2,,
2022年01月13日 ＋ 2020年11月21日 1/2,,
2021年02月27日,,
2023年06月25日,,
2020年10月23日,,
2022年07月02日 ＋ 2021年04月11日 1/2,,
2022年12月29日,,
2023年03月10日,,
2023年06月05日,,
2022年10月05日,,
2022年09月02日,,
2020年10月14日,,
2022年04月15日 ＋ 2021年01月14日 1/2,,
2022年03月22日 ＋ 2021年01月27日 1/2,,
2022年10月11日,,
2020年12月22日,,
2020年10月28日,,
2023年06月21日,,
2020年9月26日,,
2023年05月21日,,
2021年02月02日,,
2022年09月07日,,
2022年08月25日,,
2023年04月16日,,
2022年03月03日 ＋ 2020年12月25日 1/2,,
2023年02月11日,,
2022年04月27日 ＋ 2021年01月21日 1/2,,
2023年04月18日,,
2022年09月26日,,
2023年02月05日,,
2020年6月02日　韓国 輸出規制 GSOMIA破棄 WTO提訴,,
2021年02月13日,,
2021年02月18日,,
2020年11月02日,,
2022年04月16日 ＋ 2021年01月14日 2/2,,
2022年08月15日,,
2022年02月08日 ＋ 2020年12月09日 1/2,,
2020年12月26日,,
2021年02月20日,,
2023年04月01日,,
2020年12月01日,,
2022年04月20日 ＋ 2021年01月16日 2/2,,
2023年01月31日,,
2020年7月30日　トランプ大統領がムン・ジェイン大統領に厳しい感想,,
2020年11月09日,,
2022年11月10日,,
2020年6月12日　日本車メーカーが韓国市場での復活に向け始動！,,
2020年10月30日,,
2023年02月27日（予備）,,
2022年05月09日 ＋ 2021年02月09日 2/2,,
2022年07月06日 ＋ 2021年04月16日,,
2023年03月30日,,
2023年07月02日,,
2023年03月24日,,
2021年03月12日,,
2022年05月11日 ＋ 2021年02月11日 1/2,,
2022年03月09日 ＋ 2020年12月30日 1/2,,
2022年10月10日,,
2022年12月23日,,
2020年6月08日　サムスンの副会長起訴？,,
2020年11月22日,,
2022年12月13日,,
2023年04月17日,,
2022年03月21日 ＋ 2021年01月06日 2/2,,
2023年06月11日,,
2020年6月12日　財閥に攻撃で、韓国経済さらに悪化,,
2020年7月13日　韓国インドでガス漏れ事故,,
2020年12月13日,,
2022年12月14日,,
2022年08月29日,,
2021年02月12日,,
2023年05月16日,,
2023年05月22日,,
2022年03月16日 ＋ 2021年01月04日 1/2,,
2023年01月13日,,
2022年01月27日 ＋ 2020年12月01日 2/2,,
2022年10月20日,,
2022年10月26日,,
2021年02月17日,,
2022年07月30日 ＋ 2021年05月25日 2/2,,
2020年8月01日　韓国ゲイツ撤退,,
2023年04月08日,,
2022年02月27日 ＋ 2020年12月22日 2/2,,
2022年07月20日 ＋ 2021年05月10日 2/2,,
2022年05月17日 ＋ 2021年02月10日 2/2,,
2022年04月29日 ＋ 2021年01月22日 2/2,,
2023年04月03日,,
2021年02月10日,,
2021年01月03日,,
2022年05月27日 ＋ 2021年02月26日 1/2,,
2022年05月01日 ＋ 2021年01月24日 2/2,,
2020年12月03日,,
2022年04月10日 ＋ 2021年01月11日 2/2,,
2022年06月03日 ＋ 2021年03月09日 1/2,,
2022年08月07日,,
2022年01月14日 ＋ 2020年11月21日 2/2,,
2022年05月26日 ← 2021年02月24日 2/2 + 2021年02月23日 2/2,,
2022年02月01日 ＋ 2020年12月05日 1/2,,
2021年01月07日,,
2022年04月02日 ＋ 2021年01月08日 1/2,,
2022年11月24日,,
2020年8月14日,,
2023年06月10日,,
2023年06月23日,,
2023年07月09日,,
2021年02月24日,,
2023年06月29日,,
2020年9月21日,,
2022年03月10日 ＋ 2021年01月01日 0/2,,
2022年10月28日,,
2020年10月02日,,
2020年9月25日,,
2021年01月16日,,
2020年12月10日,,
2023年06月09日,,
2022年05月04日 ＋ 2021年01月26日 2/2,,
2021年02月07日,,
2023年04月14日,,
2022年03月25日 ＋ 2021年01月28日 2/2,,
2020年11月06日,,
2023年06月06日,,
2020年8月25日,,
2023年01月29日,,
2022年01月24日 ＋ 2020年11月30日 1/2,,
2021年01月15日,,
2022年09月28日,,
2023年07月11日,,
2022年05月22日 ＋ 2021年02月22日,,
2020年9月20日,,
2020年9月14日,,
2022年07月31日 ＋ 2021年05月27日,,
2022年06月28日 ＋ 2021年04月08日,,
2023年03月21日,,
2021年03月02日,,
2023年04月26日,,
2020年8月11日 韓国政府が6Gの商用,,
2022年12月15日,,
2021年01月21日,,
2022年03月05日 ＋ 2020年12月27日 2/2,,
2022年11月04日,,
2021年01月25日,,
2020年11月24日,,
2022年03月24日 ＋ 2021年01月28日 1/2,,
2022年11月22日,,
2022年11月20日,,
2022年05月06日 ＋ 2021年02月04日 2/2,,
2022年10月23日,,
2020年11月01日,,
2022年05月31日 ＋ 2021年03月06日 1/2,,
2021年01月29日,,
2022年04月12日 ＋ 2021年01月12日 2/2,,
2021年01月19日,,
2022年08月19日,,
2022年01月28日 ＋ 2020年12月02日 1/2,,
2020年9月03日,,
2021年10月01日 ＋ 2020年08月23日 2/2,,
2022年02月28日 ＋ 2020年12月24日 1/2,,
2021年03月04日,,
2020年10月29日,,
2022年05月10日 ＋ 2021年02月10日 1/2,,
2023年06月01日,,
2020年7月2日　愛国株の上昇,,
2020年9月02日,,
2021年01月09日,,
2020年12月24日,,
2023年07月10日,,
2023年03月23日,,
2022年05月28日 ← 2021年02月28日 1/2 ＋ 2021年02月26日 2/2,,
2020年11月28日,,
2023年03月15日,,
2020年9月04日,,
2020年6月12日　日本車メーカーが韓国市場での復活に向け始動！ のコピー,,
2020年9月16日,,
2023年02月10日,,
2023年05月05日,,
2021年12月28日 ＋ 2020年11月07日 2/2,,
2020年7月3日　ヒュンダイ爆発,,
2023年01月30日,,
2022年02月19日 ＋ 2020年12月15日 2/2,,
2020年11月14日,,
2023年03月06日,,
2022年10月30日,,
2022年11月17日,,
2020年7月23日　WHO、不買,,
2022年07月12日 ＋ 2021年04月24日 2/2,,
2020年12月14日,,
2023年04月20日,,
2022年04月30日 ＋ 2021年01月24日 1/2,,
2020年7月7日　韓国　滅亡危機　造船失業８０００人,,
2022年01月04日 ＋ 2020年11月15日 2/2,,
2022年04月18日 ＋ 2021年01月15日 2/2,,
2020年10月15日,,
2022年12月28日,,
2022年10月02日,,
2020年12月19日,,
2023年04月11日,,
2020年10月07日,,
2022年07月03日 ＋ 2021年04月10日 1/2,,
2022年02月03日 ＋ 2020年12月06日 1/2,,
2020年9月18日,,
2023年03月12日,,
2022年06月09日 ＋ 2021年03月17日 1/2,,
2020年12月27日,,
2020年12月30日,,
2021年02月22日,,
2022年05月05日 ＋ 2021年02月05日 1/2 ＋ 2021年02月4日 1/2,,
2023年06月13日,,
2022年12月01日,,
2020年6月29日,,
2022年02月02日 ＋ 2020年12月05日 2/2,,
2022年08月17日,,
2021年03月09日,,
2023年05月24日,,
2022年06月30日 ＋ 2021年04月09日,,
2022年06月17日 ＋ 2021年03月24日,,
2022年02月13日 ＋ 2020年12月11日 2/2,,
2020年6月25日 パラサイト,,
2022年06月15日 ＋ 2021年03月23日,,
2022年03月15日 ＋ 2021年01月03日 1/2,,
2023年04月27日,,
2021年03月13日,,
2020年7月18日 感染症　人-人感染隠蔽,,
2022年07月24日 ＋ 2021年05月14日,,
2020年10月17日,,
2023年05月14日,,
2022年02月18日 ＋ 2020年12月15日 1/2,,
2023年05月06日,,
2022年06月21日 ＋ 2021年03月27日,,
2021年12月26日 ＋ 2020年11月06日 1/2,,
2022年03月13日 ＋ 2021年01月02日 2/2,,
2023年06月18日,,
2022年01月21日 ＋ 2020年11月25日 2/2,,
2022年01月17日 ＋ 2020年09月24日 1/2,,
2020年7月14日　米が中国の尖閣領海侵入に言及,,
2023年06月20日,,
2023年06月12日,,
2023年03月11日,,
2022年09月29日,,
2022年08月26日,,
2022年01月08日 ＋ 2020年11月17日 2/2,,
2022年05月08日 ＋ 2021年02月08日 1/2,,
2022年05月20日 ＋ 2021年02月18日 1/2,,
2023年01月24日,,
2022年06月19日 ＋ 2021年03月26日,,
2020年11月17日,,
2020年6月23日,,
2021年01月22日,,
2020年11月23日,,
2023年01月08日,,
2022年01月31日 ＋ 2020年12月04日 2/2,,
2021年03月06日,,
2022年12月11日,,
2020年6月20日,,
2022年04月23日 ＋ 2021年01月18日 1/2,,
2020年11月08日,,
2020年8月30日,,
2022年12月02日,,
2023年04月22日,,
2022年09月23日,,
2021年01月05日,,
2023年02月24日,,
2022年10月24日,,
2023年01月10日,,
2023年03月01日,,
2022年01月01日 ＋ 2020年11月12日 2/2,,
2020年12月20日,,
2020年11月05日,,
2022年12月12日,,
2020年9月07日,,
2022年10月01日,,
2023年05月01日,,
2021年01月13日,,
2021年01月28日,,
2022年08月13日,,
2022年05月15日 ＋ 2021年02月14日,,
2023年01月25日,,
2020年10月21日,,
2022年08月03日 ＋ 2021年05月29日 1/2 ＋ 2021年05月31日 2/2,,
2022年03月11日 ＋ 2020年12月30日 2/2,,
2020年8月28日,,
2022年08月20日,,
2020年7月28日　日本韓国企業との契約停止,,
2022年07月08日 ＋ 2021年04月18日 1/2,,
2020年7月31日 日本が用意強力報復措置,,
2020年12月11日,,
2022年03月12日 ＋ 2021年01月02日 1/2,,
2020年6月18日　財閥に攻撃で、韓国経済さらに悪化 のコピー,,
2023年01月22日,,
2022年08月04日 ＋ 2021年06月01日 2/2,,
2022年07月16日 ＋ 2021年04月30日 1/2,,
2020年10月16日,,
2022年09月25日,,
2022年11月27日,,
2020年12月06日,,
2022年08月18日,,
2022年06月22日 ＋ 2021年03月28日 1/2,,
2022年06月24日 ＋ 2021年03月30日 1/2 ＋ 2021年04月02日 1/2,,
2022年01月05日 ＋ 2020年11月14日 1/2,,
2022年07月05日 ＋ 2021年04月14日 1/2,,
2022年07月13日 ＋ 2021年04月26日,,
2022年06月07日 ＋ 2021年03月13日 1/2 ＋ 2021年03月15日 1/2,,
2023年03月29日,,
2022年05月23日 ＋ 2021年02月20日 1/2,,
2020年9月10日,,
2022年04月01日 ＋ 2021年01月07日 2/2,,
2022年08月06日,,
2021年02月25日,,
2022年05月14日 ＋ 2021年02月13日 2/2,,
2022年02月21日 ＋ 2020年12月18日 2/2,,
2021年01月17日,,
2021年01月14日,,
2022年05月12日 ＋ 2021年02月11日 2/2,,
2020年10月22日,,
2023年05月09日,,
2020年11月10日,,
2020年7月25日 ヒュンダイリコール,,
2022年06月27日 ＋ 2021年04月07日 1/2,,
2022年02月10日 ＋ 2020年12月10日 1/2,,
2022年09月16日,,
2022年10月22日,,
2022年07月28日 ＋ 2021年05月20日 2/2,,
2020年10月25日,,
2022年11月06日,,
2020年9月05日,,
2023年03月13日,,
2021年02月06日,,
2022年01月07日 ＋ 2020年11月17日 1/2,,
2020年12月04日,,
2023年01月28日,,
2022年03月02日 ＋ 2020年12月25日 2/2,,
2022年04月24日 ＋ 2021年01月18日 1/2,,
2023年04月09日,,
2023年05月11日,,
2020年9月15日,,
2022年08月09日,,
2020年9月29日,,
2020年11月03日,,
2023年02月25日,,
2020年10月05日,,
2020年9月24日,,
2022年07月01日 ＋ 2021年04月10日 2/2,,
2022年09月11日,,
2023年02月23日,,
2022年12月09日,,
2022年04月09日 ＋ 2021年01月11日 1/2,,
2022年01月06日 ＋ 2020年11月16日 2/2,,
2020年6月14日　煙突産業が衰退してＩＴ浮上,,
2021年01月23日,,
2022年06月05日 ＋ 2021年03月06日 2/2,,
2020年10月26日,,
2023年01月21日,,
2023年01月20日,,
2022年12月31日,,
2022年12月08日,,
2022年04月14日 ＋ 2021年01月13日 1/2,,
2022年03月19日 ＋ 2021年01月05日 2/2,,
2023年02月09日,,
2022年07月04日 ＋ 2021年04月12日,,
2023年05月03日,,
2023年06月22日,,
2020年10月06日,,
2021年05月24日 ← 2021年02月21日,,
2022年12月07日,,
2022年06月01日 ＋ 2021年03月07日 1/2,,
2021年02月04日,,
2023年03月14日,,
2023年03月03日（予備）,,
2022年02月09日 ＋ 2020年12月09日 2/2,,
2020年11月12日,,
2023年02月04日,,
2022年07月18日 ＋ 2021年05月08日,,
2020年11月16日,,
2020年8月13日　ドイツ　韓国G7歓迎？,,
2022年04月21日 ＋ 2021年01月17日 1/2,,
2020年11月18日,,
2022年04月19日 ＋ 2021年01月16日 1/2,,
2022年05月02日 ＋ 2021年01月25日 1-2/2,,
2023年01月01日,,
2022年11月13日,,
2022年08月23日,,
2021年01月26日,,
2020年6月06日　韓国不景気,,
2022年02月23日 ＋ 2020年12月21日 2/2,,
2022年10月27日,,
2021年12月31日 ＋ 2020年11月12日 1/2,,
2020年6月04日　韓国ムン大統領 G7 “喜んで出席する” 米大統領に伝える,,
2023年05月02日,,
2022年06月20日 ＋ 2021年03月25日 2/2,,
2022年06月24日 ＋ 2021年03月28日 2/2,,
2021年01月10日,,
2022年06月12日 ＋ 2021年03月19日 1/2,,
2023年01月06日,,
2022年08月14日,,
2020年9月12日,,
2022年04月04日 ＋ 2021年01月09日 1/2,,
2020年7月6日,,
2022年07月11日 ＋ 2021年04月 25日 1/2,,
2022年05月21日 ＋ 2021年02月19日 1/2,,
2023年04月04日,,
2023年05月12日,,
2022年07月27日 ＋ 2021年05月18日 2/2,,
2020年10月08日,,
2023年03月28日,,
2022年09月21日,,
2022年12月19日,,
2022年12月18日,,
2021年12月08日 ＋ 2020年10月15日 1/2,,
【元】2022年10月00日,,
2023年05月13日,,
2023年01月17日,,
2022年08月02日 ＋ 2020年10月17日 3/4,,
2022年12月25日,,
2020年10月24日,,
2023年01月11日,,
2020年9月17日,,
2022年02月04日 ＋ 2020年12月07日 1/2,,
2022年03月01日 ＋ 2020年12月24日 2/2,,
2022年05月19日 ＋ 2021年02月17日 2/2,,
2022年12月06日,,
2023年01月18日,,
2022年01月23日 ＋ 2020年11月26日 2/2,,
2022年11月12日,,
2023年02月18日,,
2023年02月19日,,
2020年12月31日,,
2020年11月26日,,
2022年01月19日 ＋ 2020年11月24日 2/2,,
2020年11月19日,,
2021年01月15日,,
2023年06月07日,,
2020年9月30日,,
2023年01月19日,,
2021年02月03日,,
2020年12月25日,,
2020年8月29日,,
2023年03月09日,,
2023年04月25日,,
2020年7月4日,,
2022年04月13日 ＋ 2021年01月13日 0/2,,
2023年01月07日,,
2023年01月05日,,
2022年06月11日 ＋ 2021年03月18日,,
2021年03月07日,,
2022年10月21日,,
2020年8月23日,,
2023年03月05日,,
2023年06月27日,,
2023年05月07日,,
2023年05月23日,,
2020年10月27日,,
2022年10月03日,,
2023年02月14日,,
2023年03月17日,,
2023年05月18日,,
2022年12月21日,,
2023年06月03日,,
2022年01月10日 ＋ 2020年11月18日 1/2,,
2022年05月29日 ← 2021年03月01日 1/2,,
2020年12月08日,,
2022年09月04日,,
2022年02月22日 ＋ 2020年12月21日 0/2,,
2022年12月17日,,
2022年11月23日,,
2020年8月26日,,
2023年03月02日（予備）,,
2021年01月31日,,
2020年10月12日,,
2022年03月18日 ＋ 2021年01月05日 1/2,,
2022年09月09日,,
2022年06月14日 ＋ 2021年03月19日 2/2,,
2022年06月26日 ＋ 2021年04月06日,,
2021年01月08日,,
2022年09月19日,,
2021年01月20日,,
2023年01月14日,,
2022年03月31日 ＋ 2021年01月07日 1/2,,
2020年11月20日,,
2022年06月10日 ＋ 2021年03月16日 2/2,,
2022年03月07日 ＋ 2020年12月29日 1/2,,
2023年05月17日,,
2022年02月17日 ＋ 2020年12月14日 2/2,,
2022年08月22日,,
2023年06月17日,,
2023年05月28日,,
2020年12月12日,,
2020年10月03日,,
キャッチコピー,,
【小ネタ】,,
2020年　７月11日　米国包囲網で韓国に圧力　インド対中国、登山家、格闘家派遣,,
このチャンネルの動画 - YouTube Studio,,
2021年02月27日 メモ,,
アイコンネタ,,
【タイトル成功例】　2021/06/08〜2021/02/06,,
2022年10月16日,,
YouTube異議申し立て　第三者,,
韓国文字起こし,,
練習2020年4月3日　韓国　不動産　崩壊加速,,
練習2020年4月25日　半導体輸入,,
練習2020年4月11日　韓国不況　もう　手遅れ,,
練習2020年4月17日　韓国　急変加速　国民絶叫,,
練習2020年4月25日　コロナで2重のダメージ,,
動画ネタ元　サンプル,,
自分の話し方チェック、改善,,
原稿：小ネタ,,
原稿：経済,,
原稿：通貨スワップ,,
原稿：総選挙,,
★ネタ元 YouTubeチャンネル,,
20200517　原稿：経済,,
ネタ　10大財閥と超格差社会,,
森本さんに見てもらうテスト文章,,
YouTube 韓国ニュース　コンセプト、目的,,
原稿：経済　スラム街,,
2020年5月21日　サムスン、台湾tsmcにさらに離される,,
原稿：小ネタ、選挙,,
2020年5月22日　中国依存,,
2020年5月22日　韓国の航空会社がヤバイ,,
森田さんアドバイス　2020年5月18日,,
2020年5月27日　韓国製　アルコール消毒リコール,,
2020年5月30日　日本に支援物資で支援で、市長解任か？,,
2023年01月09日,,
2022年08月10日,,
2021年02月05日,,
2023年06月24日,,
2023年04月07日,,
2022年09月03日,,
2023年07月06日,,
2022年01月29日 ＋ 2020年12月02日 2/2,,
2023年03月16日,,
2022年05月25日 ＋ 2021年02月23日 1/2,,
2020年10月19日,,
2022年08月30日,,
2022年10月07日,,
2023年03月20日,,
2022年02月20日 ＋ 2020年12月18日 1/2,,
2020年9月09日,,
2022年01月22日 ＋ 2020年11月26日 1/2,,
2021年02月21日,,
2022年09月01日,,
2022年09月10日,,
2022年11月15日,,
2022年09月24日,,
2022年10月17日,,
2022年01月02日 ＋ 2020年11月13日 1/2,,
2021年02月14日,,
2023年02月03日,,
2020年12月21日,,
2020年12月05日,,
2021年01月06日,,
2022年03月20日 ＋ 2021年01月06日 1/2,,
2022年06月23日 ＋ 2021年03月29日,,
2020年8月31日,,
2023年01月03日,,
2022年07月23日 ＋ 2021年05月16日 1/2,,
2020年11月21日,,
2021年03月08日,,
2022年02月24日 ＋ 2020年12月23日 1/2,,
2022年02月25日 ＋ 2020年12月23日 2/2,,
2021年01月04日,,
2023年05月04日,,
2022年12月30日,,
2021年02月08日,,
2022年07月09日 ＋ 2021年04月22日,,
2020年12月07日,,
2022年09月22日,,
2023年01月12日,,
2022年10月13日,,
2022年10月18日,,
2020年11月25日,,
2020年10月18日,,
2022年08月05日 ＋ 2020年10月21日 2/2,,
2023年04月28日,,
2023年06月30日,,
2022年06月29日 ＋ 2021年04月07日 2/2,,
2022年04月28日 ＋ 2021年01月21日 2/2,,
2021年12月25日 ＋ 2020年11月04日 2/2,,
2023年05月20日,,
2020年7月09日 マンホール　米国の承認なし対北支援,,
2023年05月10日,,
2022年09月17日,,
2020年12月29日,,
2023年02月08日,,
2022年07月10日 ＋ 2021年04月24日 1/2,,
2022年04月22日 ＋ 2021年01月17日 1/2,,
2022年07月14日 ＋ 2021年04月28日 1/2,,
2020年10月01日,,
2023年04月10日,,
2023年03月25日,,
2022年10月31日,,
2023年02月22日,,
2023年02月16日,,
2023年02月06日,,
2023年02月20日,,
2022年11月25日,,
2023年04月29日,,
2023年07月07日,,
2021年02月15日,,
2023年05月15日,,
2020年9月06日,,
2022年08月08日,,
2022年01月20日 ＋ 2020年11月25日 1/2,,
2022年12月03日,,
2020年9月11日,,
2021年02月26日,,
2022年02月06日 ＋ 2020年12月08日 1/2,,
2021年12月27日 ＋ 2020年11月06日 2/2,,
2020年11月13日,,
2023年02月26日（予備）,,
2020年8月21日,,
2022年10月25日,,
2022年05月07日 ＋ 2021年02月07日 1/2・2/2,,
2023年05月25日,,
2021年03月01日,,
2022年04月03日 ＋ 2021年01月08日 1/2,,
2020年9月27日,,
2022年11月09日,,
2022年07月26日 ＋ 2021年05月17日 2/2,,
2022年08月28日,,
2022年08月27日,,
2022年02月07日 ＋ 2020年12月08日 2/2,,
2022年11月02日,,
2022年11月07日,,
2023年06月04日,,
2022年03月26日 ＋ 2021年01月29日 1/2,,
2022年01月11日 ＋ 2020年11月18日 2/2,,
2023年02月13日,,
2022年07月25日 ＋ 2021年05月16日 2/2,,
2022年12月20日,,
2023年05月29日,,
2022年04月06日 ＋ 2021年01月10日 1/2,,
2022年03月08日 ＋ 2020年12月29日 2/2,,
2023年06月16日,,
2022年04月26日 ＋ 2021年01月19日 2/2,,
2021年02月01日,,
2022年07月07日 ＋ 2021年04月14日 2/2,,
2023年03月26日,,
2023年04月13日,,
2021年01月18日,,
2023年02月17日,,
2022年11月03日,,
2023年01月02日,,
2020年6月27日 ウォン安,,
2022年09月14日,,
2023年06月15日,,
2022年10月09日,,
2023年06月28日,,
2022年01月15日 ＋ 2020年11月22日 2/2,,
2023年07月05日,,
2023年03月27日,,
2020年9月22日,,
2022年08月21日,,
2022年04月05日 ＋ 2021年01月09日 2/2,,
2022年03月30日 ＋ 2021年01月31日 2/2,,
2022年11月16日,,
2023年04月19日,,
2022年06月06日 ＋ 2021年03月11,,
2022年06月13日 ＋ 2021年03月20日,,
2022年02月12日 ＋ 2020年12月11日 1/2,,
2021年02月28日,,
2022年01月30日 ＋ 2020年12月04日 1/2,,
2022年10月12日,,
2022年05月13日 ＋ 2021年02月12日,,
2022年06月08日 ＋ 2021年03月16日 1/2,,
2022年12月24日,,
2022年09月18日,,
2022年09月20日,,
2022年11月18日,,
2023年03月31日,,
2023年03月04日（予備）,,
2021年01月12日,,
2020年7月16日,,
2022年07月21日 ＋ 2021年05月11日,,
2023年03月19日,,
2022年12月05日,,
2022年10月04日,,
2021年01月11日,,
2022年06月25日 ＋ 2021年04月01日 1/2,,
2021年02月09日,,
2022年03月04日 ＋ 2020年12月27日 1/2,,
2020年9月23日,,
2021年03月10日,,
2022年01月16日 ＋ 2020年11月22日 1/2,,
2020年11月29日,,
2023年07月03日,,
2023年07月01日,,
2023年04月23日,,
2020年11月11日,,
2022年07月22日 ＋ 2021年05月13日 2/2 ＋ 2021年05月12日 2/2,,
2020年10月09日,,
2022年03月29日 ＋ 2021年01月30日 2/2,,
2020年11月30日,,
2021年02月11日,,
2020年11月27日,,
2022年09月06日,,
2022年12月27日,,
2022年04月17日 ＋ 2021年01月15日 1/2,,
2023年02月07日,,
2022年01月18日 ＋ 2020年11月24日 1/2,,
2022年01月09日 ＋ 2020年09月07日 1/2,,
2023年04月06日,,
2020年11月15日,,
2022年02月15日 ＋ 2020年12月12日 2/2,,
2021年03月03日,,
2022年10月06日,,
2020年11月07日,,
2020年6月08日　韓国の消費者物価0.3%下落,,
2022年11月21日,,
2023年02月02日,,
2023年06月19日,,
2023年04月02日,,
2023年03月08日,,
2023年06月02日,,
2022年09月12日,,
2022年02月16日 ＋ 2020年12月14日 1/2,,
2022年11月14日,,
2021年01月02日,,
2023年06月26日,,
2021年01月24日,,
2021年12月29日 ＋ 2020年11月10日 2/2,,
2023年04月15日,,
2020年12月16日,,
2023年01月23日,,
2020年12月15日,,
2022年08月16日,,
2022年11月26日,,
2021年02月19日,,
2021年12月30日 ＋ 2020年11月11日 2/2,,
2021年01月01日,,
2022年07月19日 ＋ 2021年05月09日 1/2,,
2023年03月18日,,
2023年01月27日,,
2020年9月13日,,
2023年05月31日,,
2021年02月01日,,
2023年04月21日,,
2023年06月08日,,
2023年01月04日,,
2022年05月18日 ＋ 2021年02月16日,,
2023年07月08日,,
2023年01月16日,,
2022年11月29日,,
2023年02月12日,,
2023年02月15日,,
2023年01月15日,,
2022年12月16日,,
2023年03月22日,,
2022年03月27日 ＋ 2021年01月29日 2/2,,
2022年01月03日 ＋ 2020年11月13日 2/2,,
2020年9月19日,,
2020年7月27日,,
2022年03月23日 ＋ 2021年01月27日 2/2,,
2023年05月26日,,
2020年10月20日,,
2021年01月30日,,
2022年08月12日,,
2022年12月04日,,
2020年10月04日,,
2022年08月31日,,
2022年06月16日 ＋ 2021年03月21日 1/2,,
2022年06月04日 ＋ 2021年03月10日 1/2,,
ネタ,,
2023年04月24日,,
2022年02月26日 ＋ 2020年12月22日 1/2,,
2020年12月23日,,
韓国2020年8月02日,,
2020年8月04日　韓国が北朝鮮へ多額支援に血税,,
2022年08月01日 ＋ 2021年05月28日,,
2022年09月05日,,
2023年06月14日,,
2022年07月29日 ＋ 2021年05月26日,,
2022年04月25日 ＋ 2021年01月19日 1/2,,
2022年07月17日 ＋ 2021年05月03日 2/2,,
2022年02月11日 ＋ 2020年12月09日2/2,,
2022年05月16日 ＋ 2021年02月15日 2/2,,
2023年05月30日,,
2022年03月28日 ＋ 2021年01月30日 1/2,,
2022年02月05日 ＋ 2020年12月07日 2/2,,
2021年01月27日,,
2020年8月24日,,
2022年06月18日 ＋ 2021年03月21日 2/2,,
2020年12月18日,,
2022年04月11日 ＋ 2021年01月12日 1/2,,
2023年01月26日,,
2022年11月08日,,
2020年12月28日,,
2023年04月05日,,
2020年10月31日,,
2022年12月26日,,
2022年10月14日,,
2020年12月02日,,
2020年10月10日,,
2022年03月06日 ＋ 2020年12月28日 2/2,,
2022年10月29日,,
2022年11月19日,,
2022年01月25日 ＋ 2020年11月30日 2/2,,
2022年11月11日,,
2023年02月01日,,
2022年11月30日,,
2020年10月13日,,
2022年10月08日,,
2020年12月09日,,
2023年04月12日,,
2022年07月15日 ＋ 2021年05月01日,,
2022年01月26日 ＋ 2020年12月01日 1/2,,
2020年6月30日,,
2022年11月28日,,
2022年09月15日,,
2022年05月03日 ＋ 2021年01月26日 1/2,,
2023年04月30日,,
2021年02月23日,,
2022年05月30日 ← 2021年03月01日 2/2 ＋ 2021年03月02日 2/2,,
2022年09月08日,,
2023年05月08日,,
2022年12月22日,,
2022年08月24日,,
2020年9月28日,,
2022年10月19日,,
2022年11月01日,,
2022年12月10日,,
07月12日,Not Started,2023/07/12
2022年06月02日 ＋ 2021年03月08日 1/2,,
2023年05月19日,,
2021年03月11日,,
2020年10月11日,,
2023年02月21日,,
2021年03月05日,,
2022年05月17日 ＋ 2021年02月15日 1/2,,
2022年04月07日 ＋ 2021年01月10日 2/2,,
2022年03月17日 ＋ 2021年01月04日 2/2,,
2020年8月27日,,
2021年02月16日,,
2022年08月11日,,
2020年8月22日　韓国株大暴落,,
2022年11月05日,,
2021年02月28日,,
2023年07月04日,,
2020年12月17日,,
2020年11月04日,,
2020年9月08日,,
