名前,タグ,作成日時
エリオット注意点-効く場面、効かない場面,,2020年8月7日 18:57
エリオット波動の１波の見つけ方,,2020年4月4日 11:59
ポコ説明,,2020年1月27日 17:18
フラクタル構造,,2019年9月20日 17:00
エリオット波動を分解し、小さな波から、先を読む,,2019年9月19日 15:13
エリオット波動　1波、２波、５波の比率とエクステンションについて,,2019年9月5日 18:16
エリオット波動は使えない？正しい見つけ方とエントリーポイント入門 - FX初心者が失敗しない始め方｜マネフル,,2019年9月4日 9:30
上位足をからめたリアルな例　エリオット波動　雨ニモマケズFXの教える,,2019年9月2日 15:47
エリオット波動理論,"FX, エリオット, エリオット波動",2019年8月31日 19:28
フラティカル構造（相似）がわかりやすい　エリオット波動　雨ニモマケズFXの教える,,2019年8月31日 15:53
ボリンジャーバンドを使った、エリオット波動,,2019年8月31日 12:23
トレンドを把握する「エリオット波動」の使い方を解説！ ｜ TradingViewの道具箱,"TradingView, エリオット, エリオット波動",2019年8月28日 19:16
2波目でどこまで下がるか,,2019年8月28日 11:37
