名前,タグ,作成日時,更新されました
感情移入動画　目的や効果、ポイント　#01,,2017年12月14日 9:31,2017年12月20日 10:17
感情移入動画　川本さんと協力　#01,,2017年12月14日 9:48,2017年12月24日 9:59
感情移入動画　川本さん打ち合わせ　２０１７年１２月２４日,,2017年12月20日 10:17,2017年12月20日 17:00
エモーションムービーを大成功させる,,2018年1月11日 19:34,2018年1月13日 16:58
エモーションムービー：ダントツ化プロジェクト,,2018年1月13日 16:43,2018年1月14日 0:11
今進めている戦略を大成功させる　２０１８年１月１５日,,2018年1月14日 11:31,2018年1月14日 17:42
２０１８年１月１７日　今の優先順位,,2018年1月16日 13:30,2018年1月21日 0:32
エモーション動画、LP動画でやる事、項目,,2018年1月19日 18:27,2018年1月21日 13:11
永野豪を分解し、LP動画を理解,"永野剛, 永野豪",2018年1月21日 13:12,2018年2月28日 17:29
永野豪　動画の流れ,"永野剛, 永野豪",2018年1月27日 15:02,2018年2月28日 17:29
