名前,URL,タグ,リマインダー,作成日時,更新されました
２０１2年2月23日やることリスト,http://eow.alc.co.jp/%e9%9b%bb%e8%a9%b1/UTF-8/,,,2012年2月23日 10:30,2012年2月23日 15:46
２０１2年2月2６日やることリスト,http://eow.alc.co.jp/%e9%9b%bb%e8%a9%b1/UTF-8/,,,2012年2月26日 17:59,2012年2月26日 22:23
２０１2年3月2日やることリスト,http://eow.alc.co.jp/%e9%9b%bb%e8%a9%b1/UTF-8/,,,2012年3月2日 11:54,2012年3月2日 22:52
２０１2年3月３日やることリスト,http://eow.alc.co.jp/%e9%9b%bb%e8%a9%b1/UTF-8/,,,2012年3月2日 13:43,2012年3月4日 13:38
２０１2年3月６日やることリスト,http://eow.alc.co.jp/%e9%9b%bb%e8%a9%b1/UTF-8/,,,2012年3月5日 9:29,2012年3月6日 23:31
２０１2年3月７日やることリスト,http://eow.alc.co.jp/%e9%9b%bb%e8%a9%b1/UTF-8/,,,2012年3月6日 10:50,2012年3月7日 11:37
２０１2年3月1３日やることリスト,http://eow.alc.co.jp/%e9%9b%bb%e8%a9%b1/UTF-8/,,,2012年3月10日 10:27,2012年3月13日 19:33
２０１2年3月15日やることリスト,http://eow.alc.co.jp/%e9%9b%bb%e8%a9%b1/UTF-8/,,,2012年3月15日 10:13,2012年3月15日 19:18
２０１2年3月1８日やることリスト,http://eow.alc.co.jp/%e9%9b%bb%e8%a9%b1/UTF-8/,,,2012年3月17日 11:03,2012年3月18日 21:04
２０１2年3月2３日やることリスト,http://eow.alc.co.jp/%e9%9b%bb%e8%a9%b1/UTF-8/,,,2012年3月22日 21:40,2012年3月23日 18:51
２０１2年3月27日やることリスト,http://eow.alc.co.jp/%e9%9b%bb%e8%a9%b1/UTF-8/,,,2012年3月24日 8:53,2012年3月28日 8:48
２０１2年3月29日やることリスト,http://eow.alc.co.jp/%e9%9b%bb%e8%a9%b1/UTF-8/,,,2012年3月28日 19:27,2012年3月30日 8:53
２０１2年3月31 日やることリスト,http://eow.alc.co.jp/%e9%9b%bb%e8%a9%b1/UTF-8/,,,2012年3月31日 13:56,2012年3月31日 13:58
２０１2年４月１ 日やることリスト,http://eow.alc.co.jp/%e9%9b%bb%e8%a9%b1/UTF-8/,,,2012年4月1日 8:45,2012年4月2日 8:45
２０１2年４月２ 日やることリスト,http://eow.alc.co.jp/%e9%9b%bb%e8%a9%b1/UTF-8/,,,2012年4月2日 8:45,2012年4月2日 18:09
２０１2年４月５日やることリスト,http://eow.alc.co.jp/%e9%9b%bb%e8%a9%b1/UTF-8/,,,2012年4月5日 20:51,2012年4月5日 20:52
２０１2年４月１６日やることリスト,http://eow.alc.co.jp/%e9%9b%bb%e8%a9%b1/UTF-8/,,,2012年4月15日 22:09,2012年4月15日 22:13
２０１2年４月21日やることリスト,http://eow.alc.co.jp/%e9%9b%bb%e8%a9%b1/UTF-8/,,,2012年4月28日 8:31,2012年4月28日 8:37
２０１2年5月3日やることリスト,http://eow.alc.co.jp/%e9%9b%bb%e8%a9%b1/UTF-8/,,,2012年5月2日 8:57,2012年5月7日 17:07
ノート,,,,2012年5月17日 23:17,2012年5月17日 23:18
２０１2年5月１８日やることリスト,,,,2012年5月18日 13:58,2012年5月18日 14:00
ノート,,,,2012年5月19日 11:53,2012年5月19日 11:53
無題のノート,,,,2012年5月26日 15:42,2012年5月26日 15:45
２０１2年5月２7日やることリスト,,,,2012年5月28日 13:24,2012年5月28日 13:27
２０１2年5月３１日やることリスト,,,,2012年5月29日 19:59,2012年5月31日 15:54
２０１2年６月５日やることリスト,,,,2012年6月5日 13:05,2012年6月6日 14:08
２０１2年６月7日やることリスト,,,,2012年6月6日 10:46,2012年6月7日 11:42
２０１2年６月14 日やることリスト,https://users.minim.jp/panel/contract.php,,,2012年6月13日 11:24,2012年6月14日 14:36
２０１2年６月1８ 日やることリスト,https://users.minim.jp/panel/contract.php,,,2012年6月23日 15:45,2012年6月23日 16:04
２０１2年６月23 日やることリスト,https://users.minim.jp/panel/contract.php,,,2012年6月25日 10:44,2012年6月25日 12:26
２０１2年７月１１日やることリスト,https://users.minim.jp/panel/contract.php,,,2012年7月11日 11:45,2012年7月13日 15:14
２０１2年７月２０日やることリスト,https://users.minim.jp/panel/contract.php,,,2012年7月20日 9:57,2012年7月20日 10:17
iPadケース,,,,2012年8月1日 14:21,2012年8月19日 22:17
２０１2年８月２７日やることリスト,https://users.minim.jp/panel/contract.php,,,2012年8月20日 20:56,2012年8月28日 12:15
コルク名刺,,,,2012年8月24日 21:08,2012年8月24日 21:32
２０１2年８月4日やることリスト,https://users.minim.jp/panel/contract.php,,,2012年8月27日 10:23,2012年8月27日 10:53
２０１2年８月３０日やることリスト,https://users.minim.jp/panel/contract.php,,,2012年9月9日 12:21,2012年9月9日 12:39
２０１2年９月17日やることリスト,https://users.minim.jp/panel/contract.php,,,2012年9月17日 12:16,2012年9月17日 12:44
２０１2年９月２７日やることリスト,https://users.minim.jp/panel/contract.php,,,2012年9月29日 15:43,2012年10月1日 8:51
２０１2年１０月２日やることリスト,https://users.minim.jp/panel/contract.php,,,2012年10月8日 9:50,2012年10月8日 9:53
２０１2年１０月１２日やることリスト,https://users.minim.jp/panel/contract.php,,,2012年10月11日 8:47,2012年10月12日 17:49
フォークリフト　店頭購入　見本　渡す用データ,http://www.asahifork.com/cyukosya20-30counter.htm,,,2012年10月12日 14:53,2012年10月12日 14:56
2012年 10月18日やること,,,,2012年10月16日 12:48,2012年10月18日 14:36
2012年 10月２０日やること,,,,2012年10月20日 13:01,2012年10月21日 10:44
2012年 10月２２日やること,,,,2012年10月22日 10:15,2012年10月22日 10:39
2012年 11月２日やること,http://www.nicovideo.jp/watch/sm16982843,,,2012年10月31日 16:11,2012年11月1日 12:26
2012年 11月４日やること,http://www.nicovideo.jp/watch/sm16982843,,,2012年11月1日 12:26,2012年11月4日 22:20
2012年 11月７日やること,http://www.nicovideo.jp/watch/sm16982843,,,2012年11月7日 11:02,2012年11月7日 15:50
2012年 11月１０日やること,http://www.nicovideo.jp/watch/sm16982843,,,2012年11月10日 11:19,2012年11月10日 20:39
2012年 11月１１日やること,http://www.nicovideo.jp/watch/sm16982843,,,2012年11月12日 19:07,2012年11月12日 19:17
2012年 1２月1９日やること,http://www.nicovideo.jp/watch/sm16982843,,,2012年12月9日 13:15,2014年5月29日 15:50
201３年 3月1日やること,http://www.nicovideo.jp/watch/sm16982843,,,2013年2月28日 19:31,2013年3月1日 14:32
201３年 3月５日やること,http://www.nicovideo.jp/watch/sm16982843,,,2013年3月7日 11:12,2013年3月7日 11:12
201３年 3月31日やること,http://www.nicovideo.jp/watch/sm16982843,,,2013年3月16日 10:25,2013年4月4日 1:03
201３年 ４月５日やること,http://www.nicovideo.jp/watch/sm16982843,,,2013年4月4日 14:22,2013年4月13日 14:29
201３年 ４月２１日やること,http://www.nicovideo.jp/watch/sm16982843,,,2013年4月16日 17:01,2013年4月22日 23:20
201３年 ４月１６日やること,http://www.nicovideo.jp/watch/sm16982843,,,2013年4月21日 11:22,2013年4月21日 11:22
201３年 ５月１７日やること,http://www.nicovideo.jp/watch/sm16982843,,,2013年5月17日 9:55,2013年5月19日 18:57
２０１３年７月４日　やること,file:///,,,2013年6月23日 23:56,2013年7月8日 10:28
201３年 ６月１８日やること,http://www.nicovideo.jp/watch/sm16982843,,,2013年6月27日 9:40,2013年6月29日 23:05
２０１３年７月１２日　やること,file:///,,,2013年7月8日 10:45,2013年7月12日 16:39
２０１３年７月８日　やること,file:///,,,2013年7月12日 16:37,2013年7月12日 16:37
２０１３年７月２９日　やること,file:///,,,2013年7月22日 17:21,2013年7月31日 14:30
２０１３年７月２２日　やること,file:///,,,2013年7月24日 11:45,2013年7月24日 11:45
２０１３年９月１日　やること,file:///,,,2013年8月27日 10:12,2015年12月19日 12:27
２０１３年９月６日　やること,file:///,,,2013年9月4日 11:33,2013年9月8日 12:08
２０１３年９月1４日　やること,file:///,,,2013年9月10日 12:07,2013年9月17日 22:55
２０１３年９月２４日　やること,file:///,,,2013年9月18日 17:08,2013年9月25日 23:22
２０１３年９月３０日　やること,http://sunnysh.xsrv.jp/PlanMailReg,,,2013年10月11日 20:50,2013年10月11日 20:50
２０１３年１０月２５日　やること,http://sunnysh.xsrv.jp/PlanMailReg,,,2013年10月26日 14:59,2013年10月26日 14:59
２０１３年１１月０１日　やること,http://sunnysh.xsrv.jp/PlanMailReg,,,2013年11月1日 12:13,2013年11月5日 16:43
２０１３年１１月１２日　やること,http://sunnysh.xsrv.jp/PlanMailReg,,,2013年11月21日 10:22,2013年11月21日 10:22
２０１３年１１月２3日　やること,http://sunnysh.xsrv.jp/PlanMailReg,,,2013年11月23日 13:16,2013年11月25日 19:52
２０１３年１2月2５日　やること,http://sunnysh.xsrv.jp/PlanMailReg,,,2013年12月24日 11:38,2013年12月29日 22:34
２０１４年2月2日　やること,,,,2014年1月29日 19:56,2014年2月4日 10:50
ライフサイクル修正,,,,2014年2月4日 10:28,2014年2月4日 12:02
２０１４年2月６日　やること,,,,2014年2月6日 15:22,2014年2月10日 10:35
２０１４年2月１６日　やること,,,,2014年2月11日 10:57,2014年2月16日 11:58
２０１４年３月１０日　やること,http://ja.wikipedia.org/wiki/%E3%83%87%E3%82%A3%E3%83%AC%E3%82%AF%E3%82%BF%E3%83%BC,,,2014年3月9日 14:13,2014年3月15日 2:09
２０１４年３月１８日　やること,http://ja.wikipedia.org/wiki/%E3%83%87%E3%82%A3%E3%83%AC%E3%82%AF%E3%82%BF%E3%83%BC,,,2014年3月25日 8:50,2014年3月25日 8:50
２０１４年４月９日　やること,http://www.iryou-kiki.net/info/uf_760ag_paolus.html,,,2014年4月9日 11:45,2014年4月12日 18:22
２０１４年４月２６日　やること,http://www.iryou-kiki.net/info/uf_760ag_paolus.html,,,2014年4月15日 15:25,2014年4月30日 14:56
２０１４年５月６日　やること,http://www.iryou-kiki.net/info/uf_760ag_paolus.html,,,2014年4月30日 14:56,2014年5月13日 14:34
２０１４年４月３０日　やること,http://www.iryou-kiki.net/info/uf_760ag_paolus.html,,,2014年5月6日 10:42,2014年5月6日 10:42
２０１４年５月11日　やること,http://www.iryou-kiki.net/info/uf_760ag_paolus.html,,,2014年5月13日 10:27,2014年5月13日 10:27
２０１４年５月２１日　やること,http://www.iryou-kiki.net/info/uf_760ag_paolus.html,,,2014年5月21日 16:47,2014年5月22日 22:53
２０１４年５月２9日　やること,http://www.iryou-kiki.net/info/uf_760ag_paolus.html,,,2014年6月2日 12:00,2014年6月2日 12:00
２０１４年６月２０日　やること,http://www.iryou-kiki.net/info/uf_760ag_paolus.html,,,2014年6月13日 9:48,2014年6月25日 9:26
２０１４年６月２５日　やること,http://www.iryou-kiki.net/info/uf_760ag_paolus.html,,,2014年6月25日 9:55,2014年6月25日 10:17
２０１４年６月３０日　やること,http://www.iryou-kiki.net/info/uf_760ag_paolus.html,,,2014年7月2日 8:32,2014年7月2日 8:32
２０１４年７月７日　やること,http://www.iryou-kiki.net/info/uf_760ag_paolus.html,,,2014年7月8日 11:37,2014年7月10日 7:54
２０１４年７月１６日　やること,http://www.iryou-kiki.net/info/uf_760ag_paolus.html,,,2014年7月8日 11:37,2014年7月22日 12:16
２０１４年７月７日　やること,http://www.iryou-kiki.net/info/uf_760ag_paolus.html,,,2014年7月13日 9:48,2014年7月13日 9:48
２０１４年７月２０日　やること,http://www.iryou-kiki.net/info/uf_760ag_paolus.html,,,2014年7月20日 16:05,2014年7月20日 18:19
２０１４年６月６日　やること,http://www.iryou-kiki.net/info/uf_760ag_paolus.html,,,2014年7月30日 10:29,2014年7月30日 10:29
２０１４年８月５日　やること,http://www.iryou-kiki.net/info/uf_760ag_paolus.html,,,2014年8月1日 9:42,2014年8月18日 17:45
２０１４年８月10日　やること,http://www.iryou-kiki.net/info/uf_760ag_paolus.html,,,2014年8月9日 10:25,2014年8月12日 10:15
２０１４年８月1２日　やること,http://www.iryou-kiki.net/info/uf_760ag_paolus.html,,,2014年8月12日 10:15,2014年8月14日 14:59
２０１４年８月1２日　やること,http://www.iryou-kiki.net/info/uf_760ag_paolus.html,,,2014年8月14日 14:58,2014年8月14日 14:58
２０１４年８月18日　やること,http://www.iryou-kiki.net/info/uf_760ag_paolus.html,,,2014年8月25日 17:45,2014年8月25日 17:45
Xサーバー振り込み,http://www.xserver.ne.jp/price/price_payment_method_circle.php,,,2014年8月29日 10:59,2014年8月29日 10:59
２０１４年８月３０日　やること,http://www.iryou-kiki.net/info/uf_760ag_paolus.html,,,2014年9月1日 9:58,2014年9月1日 9:58
２０１４年9月５日　やること,http://www.iryou-kiki.net/info/uf_760ag_paolus.html,,,2014年9月7日 9:48,2014年9月7日 9:48
２０１４年9月1７日　やること,http://www.iryou-kiki.net/info/uf_760ag_paolus.html,,,2014年9月20日 11:51,2014年9月20日 11:51
２０１４年9月２３日　やること,http://www.iryou-kiki.net/info/uf_760ag_paolus.html,,,2014年9月29日 8:30,2014年9月29日 8:31
２０１４年10月８日　やること,,,,2014年10月9日 10:31,2014年10月9日 10:31
２０１４年10月９日　やること,file:///,,,2014年10月10日 10:02,2014年10月10日 10:17
２０１４年10月１２日　やること,file:///,,,2014年10月14日 15:13,2014年10月14日 15:34
２０１４年10月２８日　やること,file:///,,,2014年10月31日 8:27,2014年10月31日 8:27
２０１４年1１月4日　やること,file:///,,,2014年11月4日 13:51,2014年11月5日 16:35
２０１４年1１月７日　やること,file:///,,,2014年11月5日 16:35,2014年11月7日 22:13
２０１４年1１月９日　やること,file:///,,,2014年11月12日 11:54,2014年11月12日 11:54
川本さんHP内容,http://www.mentalmie.jp/%E6%B3%95%E4%BA%BA%E7%A0%94%E4%BF%AE/,,,2014年11月12日 13:07,2014年11月12日 16:25
２０１４年1１月１５日　やること,file:///,,,2014年11月15日 8:31,2014年11月15日 8:31
ノート,,,,2014年11月15日 14:49,2014年11月15日 14:52
２０１４年1１月１８日　やること,file:///,,,2014年11月18日 9:06,2014年11月18日 9:16
２０１４年1１月１９日　やること,file:///,,,2014年11月19日 17:00,2014年11月21日 13:25
２０１４年1１月２３日　やること,file:///,,,2014年11月24日 9:29,2014年11月24日 9:29
２０１４年12月１日　やること,file:///,,,2014年11月26日 7:44,2014年12月4日 12:47
川本さんセミナー映像,,,,2014年11月27日 14:53,2015年1月5日 21:44
２０１４年12月１日　やること,file:///,,,2014年12月2日 19:12,2014年12月3日 10:23
サンライトさん、コスモさんのスケジュール,,,,2014年12月4日 20:12,2014年12月4日 20:27
２０１４年12月４日　やること,file:///,,,2014年12月5日 11:49,2014年12月10日 13:32
２０１４年12月１１日　やること,file:///,,,2014年12月9日 9:43,2014年12月11日 21:37
２０１４年12月９日　やること,file:///,,,2014年12月11日 14:54,2014年12月11日 14:54
ノート,,,,2014年12月27日 16:51,2014年12月28日 11:13
ノート,,,,2014年12月27日 17:00,2014年12月27日 17:11
２０１５年１月８日　やること,file:///,,,2014年12月29日 15:32,2015年1月15日 19:21
MS会社案内,,,,2014年12月31日 11:18,2014年12月31日 12:45
2015年１月末振り込み,,,,2014年12月31日 13:25,2014年12月31日 13:26
2015年２月YouTube集客セミナー,,,,2015年1月6日 14:01,2015年1月6日 17:17
"14,100円",https://mail.google.com/mail/u/0/#inbox/14acc49cb36b09b0,,,2015年1月9日 11:36,2015年1月9日 17:50
ノート,,,,2015年1月10日 11:17,2015年1月10日 18:04
2015年１月２２　MSホームページ内容,https://www.chatwork.com/#!rid27120177,,,2015年1月17日 18:58,2015年1月22日 8:50
ホテル　ザ・グランコート松阪,http://travel.rakuten.co.jp/HOTEL/44229/rtmap.html,,,2015年1月21日 18:29,2015年1月21日 18:30
2015年１月２６日,,,,2015年1月26日 21:10,2015年1月26日 21:10
apple,http://ja.wikibooks.org/wiki/%E6%B0%91%E6%B3%95%E7%AC%AC566%E6%9D%A1,,,2015年2月6日 14:50,2015年2月7日 14:26
2015年２月６日,,,,2015年2月6日 18:00,2015年2月7日 16:28
https://www.youtube.com/watch?v=XYTpTdmo5VI#t=150,,,,2015年2月9日 21:21,2015年2月9日 21:32
キーノートテンプレート,,,,2015年2月12日 15:22,2015年2月12日 15:24
サンライトYouTubeキーワード,,,,2015年2月25日 13:16,2015年2月25日 13:17
2015年3月1日,,,,2015年3月4日 11:14,2015年3月4日 11:14
2015年3月24日,,,,2015年3月9日 19:35,2015年3月29日 14:34
2015年3月16日,,,,2015年3月23日 15:53,2015年3月23日 15:53
２０１５年４月末振り込み,https://mail.google.com/mail/u/0/?tab=wm#inbox/14c7d2a8cdb7eeef,,,2015年4月3日 13:38,2015年4月28日 14:22
2015年４月６日,,,,2015年4月6日 18:27,2015年4月16日 13:25
アオイさん,,,,2015年4月6日 23:45,2015年4月6日 23:46
モノラルをステレオに,,,,2015年4月23日 17:58,2015年4月23日 18:11
ブログねた,,,,2015年5月4日 16:41,2015年5月6日 2:58
計画書,,,,2015年5月6日 23:54,2015年5月6日 23:54
2015年５月１４日午前に撮影する内容,,,,2015年5月13日 12:06,2015年5月13日 12:28
ベトナム語教室,,,,2015年5月15日 16:47,2015年5月15日 16:47
2０15年５月23日やる事,,,,2015年5月23日 12:50,2015年5月23日 12:51
展示会準備 2015/05/26,,,,2015年5月26日 14:38,2015年5月26日 23:11
川本さん用　ワードプレステーマ,,,,2015年6月2日 19:07,2015年6月30日 12:33
２０１５年６月末振り込み,https://mail.google.com/mail/u/0/?tab=wm#inbox/14db72fe5493578d,,,2015年6月3日 15:55,2015年6月29日 8:48
ブログ　ネタ　集客の流れ　【これは難しいから後からアップ】,,,,2015年6月7日 12:00,2015年6月7日 12:08
サンライト不織布,,,,2015年6月19日 13:08,2015年6月19日 13:08
メガネ修理　コンタクト販売,,,,2015年6月23日 12:41,2015年6月25日 18:56
やな,,,,2015年7月4日 13:11,2015年7月4日 13:12
無題,,,,2015年7月12日 11:38,2015年7月17日 15:13
無題,,,,2015年7月16日 15:42,2015年7月16日 15:42
本田さん名刺,,,,2015年7月22日 10:07,2015年7月22日 10:08
２０１７年０７月２３日メモ,,,,2015年7月22日 10:09,2015年7月22日 14:29
無題,,,,2015年7月28日 10:52,2015年7月28日 10:53
2015年8月３日,,,,2015年8月3日 16:40,2015年8月10日 18:05
２０１５年８月末振り込み,https://mail.google.com/mail/u/0/?tab=wm#inbox/14db72fe5493578d,,,2015年8月6日 8:37,2015年8月28日 10:09
嫌われる事で、ブランド力が付き、ファンが増える。,,,,2015年8月16日 7:14,2015年8月16日 15:00
２０１５年８月２９日　川本さん打ち合わせ＋三輪さん、川本さん食事会,,,,2015年8月17日 18:13,2015年8月26日 19:52
２０１５年9月末振り込み,https://mail.google.com/mail/u/0/?tab=wm#inbox/14db72fe5493578d,,,2015年9月4日 9:40,2015年9月28日 8:53
２０１５年９月４日,,,,2015年9月4日 16:08,2015年10月15日 21:38
2015年９月７日　ブログ,,,,2015年9月7日 7:13,2015年9月9日 17:22
プリズムさん,,,,2015年9月10日 11:26,2015年9月10日 11:26
川本さん,,,,2015年9月15日 16:36,2015年9月15日 16:37
自分のやるべきこと、なりたい自分,,,,2015年9月22日 23:08,2015年9月23日 8:37
無題,,,,2015年9月27日 17:09,2015年9月27日 17:55
2015年９月２７日　川本さん打ち合わせ,,,,2015年9月27日 17:09,2015年10月2日 11:33
昭和商事　配送,,,,2015年9月28日 21:52,2015年10月1日 13:52
Kindle　なみだ感想,,,,2015年10月2日 8:32,2015年10月2日 8:37
PRIZMさん,,,,2015年10月7日 18:09,2015年10月7日 18:09
メッセナゴヤご出展の件FAX,,,,2015年10月21日 13:27,2015年10月21日 13:27
ポートメッセ展示会スケジュール,,,,2015年10月31日 11:04,2015年10月31日 11:04
2015年11月19日　やったこと,,,,2015年11月19日 23:57,2016年1月12日 10:52
Twitter フォロワー探し,,,,2015年11月23日 17:37,2015年11月23日 17:39
２０１５年１１月２６日,,,,2015年11月26日 14:21,2015年11月27日 21:13
無題,,,,2015年11月26日 14:21,2015年11月26日 15:25
無題,,,,2015年11月30日 8:23,2015年11月30日 8:23
２０１５年１２月１８日　やる事、ネタ　メモ,,,,2015年12月15日 9:27,2015年12月22日 11:40
アメブロネタ,,,,2015年12月22日 9:44,2015年12月30日 10:38
会員サイトネタ,,,,2016年1月5日 14:07,2016年1月5日 14:12
ベトナムの起業　アメブロネタ,,,,2016年1月8日 20:06,2016年1月14日 9:46
会員サイトYouTube動画　自分撮影,,,,2016年1月15日 16:20,2016年1月26日 14:54
２０１６年１月２０日　やること,,,,2016年1月19日 14:11,2016年1月20日 16:54
教育ビジネスについて,,,,2016年1月19日 14:11,2016年1月19日 14:12
２０１６年１月２４日　川本さんスカイプ打ち合わせ,,,,2016年1月25日 18:36,2016年1月25日 18:48
会員サイトネタ,,,,2016年1月26日 16:44,2016年1月26日 16:45
2016年 起業家支援 会員事業,,,,2016年1月30日 15:19,2016年1月30日 16:07
中村さん集客メルマガ,,,,2016年1月31日 11:59,2016年1月31日 12:06
YouTube集客開始！安定集客までの流れ紹介〜これを知らずに途中でやめてしまう人がいます。,,,,2016年2月1日 18:36,2016年2月1日 19:15
コンセプト、準備が大切！起業家さんと食事をさせていただきました。,,,,2016年2月5日 11:28,2016年2月5日 21:48
名刺作りのポイント　山崎さん,,,,2016年2月13日 15:00,2016年2月13日 15:08
２０１６年３月１０日やること,,,,2016年3月10日 10:11,2016年3月10日 10:14
遊庵　岐阜県瑞浪市　林さん,,,,2016年3月11日 15:39,2016年3月11日 15:54
２０１６年０3月末振り込み,https://mail.google.com/mail/u/0/?tab=wm#inbox/14db72fe5493578d,,,2016年3月30日 10:21,2016年3月30日 10:23
サンライトシールド　青木社長,,,,2016年4月10日 20:46,2016年4月10日 20:47
無題,,,,2016年4月16日 10:26,2016年4月24日 9:58
オンライン金券ショップ,,,,2016年4月21日 10:37,2016年4月21日 10:37
川の流れのように,,,,2016年4月24日 10:36,2016年4月24日 10:51
Toones利用規約,,,,2016年4月25日 13:17,2016年4月25日 13:17
YouTube　また見たいの,,,,2016年4月29日 10:00,2016年4月29日 10:52
2016年5月 16日 todo,,,,2016年5月16日 9:15,2016年5月16日 10:03
２０１６年６月２日,,,,2016年6月2日 12:53,2016年6月2日 14:11
２０１６年６月１１日　今やるべきこと,,,,2016年6月11日 9:47,2016年6月14日 14:37
２０１６年６月１１日 今やるべきこと,,,,2016年6月14日 14:21,2016年6月14日 14:41
２０１６年６月２１日　やること,,,,2016年6月21日 10:30,2016年6月21日 10:53
山崎さん打ち合わせ,,,,2016年7月4日 13:45,2016年7月4日 14:59
２０１６年７月１６日　今やるべき事,,,,2016年7月15日 19:31,2016年7月18日 9:21
写真加工アプリ　iPhone,,,,2016年7月23日 13:52,2016年7月23日 13:58
２０１６年０７月末振り込み,https://mail.google.com/mail/u/0/?tab=wm#inbox/14db72fe5493578d,,,2016年7月24日 13:25,2016年7月29日 8:44
今やるべき事　2016年8月８日,,,,2016年8月8日 14:41,2016年8月8日 16:52
自分のiPhone、iPad,,,,2016年8月8日 14:41,2016年8月8日 14:42
ジャパネットごんこう,,,,2016年8月21日 16:03,2016年8月21日 16:04
２０１７年８月２6日　やること,,,,2016年8月25日 11:48,2016年8月26日 16:43
２０１６年０８月末振り込み,https://mail.google.com/mail/u/0/?tab=wm#inbox/14db72fe5493578d,,,2016年8月29日 13:06,2016年8月29日 13:08
自分が何をするべきか　２０１７年９月２日,,,,2016年9月2日 15:41,2016年9月4日 17:58
２０１７年９月５日　やること,,,,2016年9月5日 9:28,2016年9月5日 15:58
北区モーニング,,,,2016年9月26日 19:43,2016年9月26日 19:44
引越一番,,,,2016年10月29日 17:07,2016年10月29日 17:08
常滑チャーシュー,,,,2016年11月10日 19:37,2016年11月10日 19:37
２０１６年１１月末振り込み,https://mail.google.com/mail/u/0/?tab=wm#inbox/14db72fe5493578d,,,2016年11月23日 11:59,2016年11月29日 8:56
２０１６年１１月２５日やること,,,,2016年11月25日 5:56,2016年11月25日 11:35
２０１６年１２月末振り込み,https://mail.google.com/mail/u/0/?tab=wm#inbox/14db72fe5493578d,,,2016年12月21日 8:04,2016年12月28日 10:37
２０１６年１２月２８日,,,,2016年12月27日 19:30,2016年12月27日 19:30
２０１７年１月末振り込み,https://mail.google.com/mail/u/0/?tab=wm#inbox/14db72fe5493578d,,,2017年1月5日 9:48,2017年1月31日 10:23
引越一番SEO関連,,,,2017年1月13日 12:34,2017年1月14日 15:23
アメブロ「いいね」無料ツール！,,,,2017年1月20日 13:55,2017年1月20日 13:55
２０１７年１月３０日やるべきこと,,,,2017年1月30日 16:27,2017年1月30日 16:31
毎日の感謝リスト,,,,2017年2月7日 22:58,2017年2月27日 22:56
動画編集　アプリ,,,,2017年2月11日 17:35,2017年2月11日 17:36
パーマネントトラベラー PT　節税　旅行,,"PT, パーマネントトラベラー",,2017年2月17日 16:32,2017年2月17日 16:33
２０１７年３月末振り込み,https://mail.google.com/mail/u/0/?tab=wm#inbox/14db72fe5493578d,,,2017年3月2日 9:50,2017年3月31日 14:16
２０１７年３月７日,,,,2017年3月4日 11:28,2017年3月7日 17:27
２０１７年３月１２日,,,,2017年3月11日 10:33,2017年3月12日 12:03
２０１７年３月２２日,,,,2017年3月20日 16:29,2017年3月22日 17:28
２０１７年３月２３日,,,,2017年3月22日 18:15,2017年3月23日 0:43
２０１７年３月２６日,,,,2017年3月26日 0:54,2017年3月26日 18:04
２０１７年３月２９日,,,,2017年3月29日 0:32,2017年3月31日 0:44
２０１７年３月３１日,,,,2017年3月31日 0:44,2017年4月1日 11:59
２０１７年４月０１日,,,,2017年4月1日 12:00,2017年4月2日 0:56
２０１７年４月０３日,,,,2017年4月3日 12:31,2017年4月4日 1:19
２０１７年４月０4日,,,,2017年4月3日 12:31,2017年4月5日 7:56
２０１７年４月０５日,,,,2017年4月5日 7:57,2017年4月6日 0:11
２０１７年４月０６日,,,,2017年4月5日 19:50,2017年4月7日 0:38
２０１７年４月０７日,,,,2017年4月6日 19:17,2017年4月7日 18:09
２０１７年４月１０日,,,,2017年4月10日 1:21,2017年4月10日 22:37
２０１７年４月１３日,,,,2017年4月12日 21:41,2017年4月14日 10:32
２０１７年４月１９日,,,,2017年4月19日 1:00,2017年4月19日 15:01
２０１７年4月19日  内観、今やるべき事,,,,2017年4月19日 11:09,2017年4月19日 12:10
腰痛　筋トレ,,,,2017年4月21日 17:22,2017年4月21日 17:23
２０１７年４月２２日,,,,2017年4月22日 14:50,2017年4月23日 11:07
２０１７年４月２４日,,,,2017年4月24日 7:31,2017年4月24日 22:10
２０１７年４月２５日,,,,2017年4月25日 9:07,2017年4月25日 21:00
２０１７年４月２７日,,,,2017年4月27日 16:36,2017年4月27日 17:12
２０１７年４月２８日,,,,2017年4月28日 9:56,2017年4月28日 10:14
２０１７年５月１日,,,,2017年5月1日 11:34,2017年5月1日 16:23
ストレスの元をなくす。モティベーションを上げる。,,,,2017年5月18日 9:30,2017年5月18日 15:35
内観　２０１７年５月２５日,,,,2017年5月24日 17:50,2017年5月25日 17:56
２０１７年５月２７日,,,,2017年5月27日 15:31,2017年5月27日 15:33
２０１７年６月１５日,,,,2017年6月15日 13:43,2017年6月15日 18:50
２０１７年６月２０日,,,,2017年6月18日 16:58,2017年6月19日 19:04
２０１７年６月２２日,,,,2017年6月22日 13:27,2017年6月22日 13:27
小林のネタを今に生かす,,,,2017年6月27日 17:03,2017年6月27日 17:07
成功するために,,,,2017年6月28日 15:14,2017年6月28日 15:15
2017年6月29日 今日やるべき事,,,,2017年6月30日 8:06,2017年6月30日 8:11
2017年７月６日 今日やるべき事,,,,2017年7月5日 20:46,2017年7月7日 10:25
2017年７月８日 今日やるべき事,,,,2017年7月7日 10:58,2017年7月9日 12:40
2017年７月 １１日 今日やるべき事,,,,2017年7月11日 8:26,2017年7月11日 19:36
2017年７月 １４日 今日やるべき事,,,,2017年7月13日 21:27,2017年7月15日 10:06
2017年７月 １６日 今日やるべき事,,,,2017年7月16日 9:56,2017年7月17日 19:18
2017年７月 １８日 今日やるべき事,,,,2017年7月17日 23:24,2017年7月19日 2:08
2017年７月 ２１日 今日やるべき事,,,,2017年7月21日 0:52,2017年7月21日 16:28
2017年７月 ２３日 今日やるべき事,,,,2017年7月23日 10:15,2017年7月24日 19:45
2017年７月 ２４日 今日やるべき事,,,,2017年7月24日 9:34,2017年7月24日 23:23
2017年７月 ２６日 今日やるべき事,,,,2017年7月26日 10:19,2017年7月28日 14:11
2017年７月 ２８日 今日やるべき事,,,,2017年7月28日 1:40,2017年7月28日 23:48
2017年７月 ２９日 今日やるべき事,,,,2017年7月28日 19:32,2017年7月30日 14:50
2017年７月 ３０日 今日やるべき事,,,,2017年7月30日 12:45,2017年7月30日 18:08
2017年８月 １日 今日やるべき事,,,,2017年8月1日 10:16,2017年8月2日 7:55
2017年８月 ３日 今日やるべき事,,,,2017年8月2日 7:55,2017年8月3日 18:23
2017年８月 ２日 今日やるべき事,,,,2017年8月2日 7:55,2017年8月2日 21:59
2017年８月 ４日 今日やるべき事,,,,2017年8月4日 19:40,2017年8月4日 20:08
2017年８月 ５日 今日やるべき事,,,,2017年8月5日 10:14,2017年8月7日 20:41
2017年８月 ７日 今日やるべき事,,,,2017年8月7日 11:30,2017年8月7日 23:09
2017年８月 ８日 今日やるべき事,,,,2017年8月8日 9:58,2017年8月8日 19:21
2017年８月 ９日 今日やるべき事,,,,2017年8月9日 8:01,2017年8月9日 22:26
2017年８月 １２日 今日やるべき事,,,,2017年8月12日 9:54,2017年8月22日 13:45
2017年８月１７日 今日やるべき事,,,,2017年8月17日 11:30,2017年8月22日 13:46
2017年８月１８日 今日やるべき事,,,,2017年8月18日 7:37,2017年8月22日 13:46
2017年８月２０日 今日やるべき事,,,,2017年8月20日 11:51,2017年8月22日 13:48
2017年８月２３日 今日やるべき事,,,,2017年8月23日 8:01,2017年8月23日 18:22
2017年８月２５日 今日やるべき事,,,,2017年8月25日 7:59,2017年8月25日 20:04
2017年８月２７日 今日やるべき事,,,,2017年8月27日 9:46,2017年8月27日 17:32
2017年８月３１日 今日やるべき事,,,,2017年8月31日 7:42,2017年8月31日 16:22
2017年9月３日 今日やるべき事,,,,2017年9月3日 14:32,2017年9月3日 16:50
LWが我にならずに自分の夢も叶えるために,,,,2017年9月6日 15:38,2017年9月6日 15:45
2017年9月７日 今日やるべき事,,,,2017年9月7日 8:21,2017年9月7日 21:11
宇宙の法則を理科し今の流れを生かし大きく好転するために,,,,2017年9月7日 10:24,2017年9月7日 11:21
2017年9月８日 今日やるべき事,,,,2017年9月8日 7:44,2017年9月8日 17:01
2017年9月９日 今日やるべき事,,,,2017年9月9日 8:58,2017年9月9日 16:27
2017年9月１４日 今日やるべき事,,,,2017年9月13日 13:11,2017年9月14日 19:32
2017年9月１３日 今日やるべき事,,,,2017年9月13日 13:11,2017年9月13日 22:22
2017年9月１５日 今日やるべき事,,,,2017年9月15日 12:57,2017年9月15日 15:27
2017年9月１６日 今日やるべき事,,,,2017年9月16日 11:21,2017年9月16日 16:01
2017年9月１７日 今日やるべき事,,,,2017年9月17日 9:58,2017年9月17日 17:36
2017年9月２１日 今日やるべき事,,,,2017年9月21日 7:32,2017年9月21日 16:04
2017年9月２５日 今日やるべき事,,,,2017年9月25日 8:53,2017年9月25日 19:58
２０１７年０９月末振り込み,https://mail.google.com/mail/u/0/?tab=wm#inbox/14db72fe5493578d,,,2017年9月25日 17:20,2017年9月25日 17:21
2017年9月２６日 今日やるべき事,,,,2017年9月26日 11:11,2017年9月26日 19:36
2017年１０月１日 今日やるべき事,,,,2017年10月1日 11:25,2017年10月1日 19:01
2017年１０月２日 今日やるべき事,,,,2017年10月2日 13:21,2017年10月2日 17:55
今、やるべきこと,,,,2017年10月2日 16:26,2017年10月2日 17:59
毎日チェック,,,,2017年10月4日 18:38,2017年10月4日 18:38
2017年１０月１７日 今日やるべき事,,,,2017年10月17日 11:54,2017年10月17日 23:15
2017年１０月１９日 今日やるべき事,,,,2017年10月19日 12:23,2017年10月19日 23:41
2017年１０月２０日 今日やるべき事,,,,2017年10月20日 10:45,2017年10月20日 10:46
2017年１０月２２日 今日やるべき事,,,,2017年10月22日 15:07,2017年10月22日 19:21
2017年１０月２４日 今日やるべき事,,,,2017年10月24日 11:11,2017年10月24日 16:17
2017年１０月２６日 今日やるべき事,,,,2017年10月26日 10:32,2017年10月26日 19:58
2017年１０月３０日 今日やるべき事,,,,2017年10月29日 12:52,2017年10月31日 0:30
2017年１０月３１日 今日やるべき事,,,,2017年10月31日 11:57,2017年11月1日 7:32
2017年１１月０２日 今日やるべき事,,,,2017年11月2日 8:59,2017年11月3日 0:01
2017年１１月０３日 今日やるべき事,,,,2017年11月3日 9:54,2017年11月3日 19:20
2017年１１月０８日 今日やるべき事,,,,2017年11月8日 6:55,2017年11月9日 0:07
2017年１１月１１日 今日やるべき事,,,,2017年11月11日 9:31,2017年11月11日 17:02
2017年１１月１３日 今日やるべき事,,,,2017年11月13日 8:21,2017年11月13日 18:40
2017年１１月１６日 今日やるべき事,,,,2017年11月16日 7:09,2017年11月16日 21:07
2017年１１月１７日 今日やるべき事,,,,2017年11月17日 7:41,2017年11月17日 22:56
2017年１１月１８日 今日やるべき事,,,,2017年11月18日 8:26,2017年11月18日 19:02
2017年１１月１９日 今日やるべき事,,,,2017年11月19日 8:43,2017年11月19日 19:19
2017年１１月２０日 今日やるべき事,,,,2017年11月20日 12:03,2017年11月20日 20:03
2017年１１月２１日 今日やるべき事,,,,2017年11月21日 10:42,2017年11月21日 11:14
２０１７年１１月２１日　今の優先順位,,,,2017年11月21日 17:27,2017年11月21日 17:56
2017年１１月２３日 今日やるべき事,,,,2017年11月23日 9:24,2017年11月23日 18:32
２０１７年１１月２３日　今の優先順位,,,,2017年11月23日 10:01,2017年11月23日 11:21
2017年１１月２５日 今日やるべき事,,,,2017年11月25日 11:58,2017年11月25日 18:02
2017年１１月２６日 今日やるべき事,,,,2017年11月26日 9:12,2017年11月26日 18:57
2017年１１月２８日 今日やるべき事,,,,2017年11月28日 9:22,2017年11月28日 11:37
2017年１１月２９日 今日やるべき事,,,,2017年11月29日 12:41,2017年11月29日 17:25
2017年１２月１日 今日やるべき事,,,,2017年12月1日 13:58,2017年12月1日 18:57
2017年１２月２日 今日やるべき事,,,,2017年12月2日 12:24,2017年12月2日 20:02
2017年１２月４日 今日やるべき事,,,,2017年12月4日 10:21,2017年12月4日 10:21
２０１７年１２月末振り込み,https://mail.google.com/mail/u/0/?tab=wm#inbox/14db72fe5493578d,,,2017年12月5日 10:59,2017年12月5日 11:00
2017年１２月１０日 今日やるべき事,,,,2017年12月10日 8:46,2017年12月10日 15:27
2017年１２月１１日 今日やるべき事,,,,2017年12月11日 10:50,2017年12月11日 16:43
2017年１２月１７日 今日やるべき事,,,,2017年12月17日 16:04,2017年12月18日 10:08
2017年１２月１９日 今日やるべき事,,,,2017年12月19日 13:45,2017年12月19日 15:47
2017年１２月２０日 今日やるべき事,,,,2017年12月20日 8:04,2017年12月21日 22:21
2017年１２月２２日 今日やるべき事,,,,2017年12月22日 9:51,2017年12月22日 17:35
山崎さんサイト修正,,,,2017年12月22日 10:46,2017年12月25日 13:53
2017年１２月３１日 今日やるべき事,,,,2017年12月31日 18:28,2018年1月1日 10:52
2017年１月２日 今日やるべき事,,,,2018年1月2日 8:33,2018年1月2日 12:46
2017年１月９日 今日やるべき事,,,,2018年1月9日 9:05,2018年1月9日 9:41
2017年１月１１日 今日やるべき事,,,,2018年1月11日 10:05,2018年1月11日 13:54
２０１８年１月１３日　今の優先順位,,,,2018年1月11日 13:59,2018年1月13日 16:41
2017年１月１２日 今日やるべき事,,,,2018年1月12日 12:50,2018年1月12日 15:59
2017年１月１６日 今日やるべき事,,,,2018年1月16日 12:40,2018年1月16日 12:41
2017年１月２０日 今日やるべき事,,,,2018年1月19日 12:49,2018年1月20日 16:03
２０１８年１月２９日　今の優先順位,,,,2018年1月29日 13:08,2018年1月29日 13:49
２０１８年２月２３日　今の優先順位,,,,2018年2月6日 8:25,2018年2月24日 18:08
アメプレス 連動 指定,https://www.google.co.jp/search?q=%E3%82%A2%E3%83%A1%E3%83%97%E3%83%AC%E3%82%B9+%E9%80%A3%E5%8B%95+%E6%8C%87%E5%AE%9A&oq=%E3%82%A2%E3%83%A1%E3%83%97%E3%83%AC%E3%82%B9%E3%80%80%E9%80%A3%E5%8B%95%E3%80%80%E6%8C%87%E5%AE%9A&aqs=chrome..69i57.3541j0j7&sourceid=chrome&ie=UTF-8,,,2018年2月11日 19:41,2018年2月11日 19:41
"【Sunlight of Calm 2LDK 72.25m² ¥145,000〜】の特集ページ！スタイルプラス名古屋",https://www.style--plus.jp/bukken/sunlight_of_calm/c,"デザイナーズ, デザイナーズマンション, 賃貸",,2018年2月15日 23:21,2018年2月15日 23:21
2017年３月２日 今日やるべき事,,,,2018年2月26日 8:53,2018年3月2日 13:45
毎日、気を付ける事,,,,2018年3月10日 16:16,2018年3月11日 13:58
2017年３月１２日 今日やるべき事,,,,2018年3月12日 13:52,2018年3月12日 13:53
2017年３月１３日 今日やるべき事,,,,2018年3月13日 8:32,2018年3月13日 15:51
飲み友を探す｜ノミトモ,http://nomi-tomo.net/prof_list.php,飲み会,,2018年3月15日 14:35,2018年3月15日 14:35
2017年３月１６日 今日やるべき事,,,,2018年3月16日 10:01,2018年3月17日 0:35
2017年３月２４日 今日やるべき事,,,,2018年3月25日 10:54,2018年3月25日 23:26
2017年３月２７日 今日やるべき事,,,,2018年3月27日 12:19,2018年3月27日 22:57
2017年３月２８日 今日やるべき事,,,,2018年3月28日 10:39,2018年3月28日 22:39
2017年３月２９日 今日やるべき事,,,,2018年3月29日 13:21,2018年3月29日 22:47
2017年３月３０日 今日やるべき事,,,,2018年3月29日 13:21,2018年3月31日 0:10
ベトナムハウス｜ホーチミン最大級の賃貸不動産情報,https://vietnamhouse.jp/,"ベトナム, マンション, 不動産, 住宅, 賃貸",,2018年3月31日 23:24,2018年3月31日 23:24
2017年４月３日 今日やるべき事,,,,2018年4月3日 8:58,2018年4月4日 1:01
2017年４月９日 今日やるべき事,,,,2018年4月8日 19:19,2018年4月10日 0:12
２０１８年４月末振り込み,https://mail.google.com/mail/u/0/?tab=wm#inbox/14db72fe5493578d,,,2018年4月10日 14:21,2018年4月28日 23:00
2017年４月１１日 今日やるべき事,,,,2018年4月11日 0:44,2018年4月15日 19:26
2017年４月１２日 今日やるべき事,,,,2018年4月12日 9:19,2018年4月13日 0:25
2017年４月１４日 今日やるべき事,,,,2018年4月14日 0:18,2018年4月14日 14:12
2017年４月１５日 今日やるべき事,,,,2018年4月15日 14:08,2018年4月16日 1:11
2017年４月１８日 今日やるべき事,,,,2018年4月18日 0:27,2018年4月18日 23:22
お客さんや仲間からの仕事に対してポイント還元する方法,,,,2018年4月18日 9:56,2018年4月18日 9:58
なぜ自分は幼少期にアホをして今は人を助け、集客の戦略を作りたいか,,,,2018年4月18日 10:02,2018年4月18日 10:03
内方さんのところで川本さんがSCAN,,,,2018年4月18日 10:11,2018年4月18日 10:12
川本さんが神田さんに会ってコラボする,,,,2018年4月18日 10:12,2018年4月18日 10:18
シンさんのビジネス案,,,,2018年4月18日 10:57,2018年4月18日 10:59
2017年４月１９日 今日やるべき事,,,,2018年4月19日 0:33,2018年4月19日 16:55
2017年４月２３日 今日やるべき事,,,,2018年4月23日 0:47,2018年4月24日 8:43
2017年４月２５日 今日やるべき事,,,,2018年4月25日 1:09,2018年4月25日 23:02
2017年４月２７日 今日やるべき事,,,,2018年4月27日 0:28,2018年4月29日 8:15
2017年４月２８日 今日やるべき事,,,,2018年4月28日 12:01,2018年4月29日 8:15
2017年４月２９日 今日やるべき事,,,,2018年4月29日 0:57,2018年4月30日 11:18
2017年５月２日 今日やるべき事,,,,2018年5月2日 1:02,2018年5月13日 0:17
2017年５月８日 今日やるべき事,,,,2018年5月8日 13:51,2018年5月8日 23:32
2017年５月９日 今日やるべき事,,,,2018年5月9日 15:03,2018年5月9日 15:51
2017年５月１０日 今日やるべき事,,,,2018年5月10日 13:02,2018年5月11日 8:34
201８年５月１２日 今日やるべき事,,,,2018年5月12日 9:33,2018年5月13日 11:11
201８年５月　成功計画〜スケジュール,,,,2018年5月12日 10:02,2018年5月19日 22:21
201８年５月　成功計画〜やる事リスト,,,,2018年5月12日 10:02,2018年5月12日 17:03
201８年５月１4日 今日やるべき事,,,,2018年5月13日 11:12,2018年5月15日 0:08
201８年５月１３日 今日やるべき事,,,,2018年5月13日 11:12,2018年5月13日 14:27
201８年５月１６日 今日やるべき事,,,,2018年5月16日 0:01,2018年5月17日 12:00
201８年５月１８日 今日やるべき事,,,,2018年5月17日 23:43,2018年5月19日 12:06
201８年５月１９日 今日やるべき事,,,,2018年5月19日 12:06,2018年5月20日 8:40
201８年５月２０日 今日やるべき事,,,,2018年5月20日 8:40,2018年6月3日 15:39
201８年５月２2日 今日やるべき事,,,,2018年5月22日 11:07,2018年6月3日 15:39
201８年５月２１日 今日やるべき事,,,,2018年5月22日 11:07,2018年5月22日 18:05
201８年５月２4日 今日やるべき事,,,,2018年5月25日 15:06,2018年6月3日 15:39
201８年５月２６日 今日やるべき事,,,,2018年5月26日 14:19,2018年5月27日 17:33
201８年５月３０日 今日やるべき事,,,,2018年5月31日 15:14,2018年6月3日 15:39
201８年６月６日 今日やるべき事,,,,2018年6月6日 0:18,2018年6月6日 0:18
ベトナムの骨リスト,,,,2018年6月6日 9:42,2021年5月21日 17:03
2018 6/8 スケジュール,,,,2018年6月7日 22:33,2018年6月9日 10:38
2018 6/9 スケジュール,,,,2018年6月8日 22:46,2018年6月9日 10:39
2018 6/10 スケジュール,,,,2018年6月10日 0:11,2018年6月10日 18:01
2018 6/11 スケジュール,,,,2018年6月11日 12:01,2018年6月11日 12:03
2018 6/13 スケジュール,,,,2018年6月13日 8:12,2018年6月13日 8:12
2018 6/17 スケジュール,,,,2018年6月17日 9:13,2018年6月17日 9:15
2018 7/2 スケジュール,,,,2018年6月17日 9:13,2018年7月2日 15:06
2018 6/21 スケジュール,,,,2018年6月17日 9:13,2018年6月21日 15:47
2018 7/７ スケジュール,,,,2018年6月17日 9:13,2018年7月7日 9:46
2018 6/27 スケジュール,,,,2018年6月17日 9:13,2018年6月27日 15:44
2018 7/5 スケジュール,,,,2018年6月17日 9:13,2018年7月4日 15:25
2018 6/22 スケジュール,,,,2018年6月17日 9:13,2018年6月22日 11:50
出欠表,,,,2018年7月7日 12:54,2018年7月9日 15:47
チャーリーさいと,,,,2018年7月15日 18:36,2018年7月15日 23:07
ボンファムへのLP動画、コーチへのステップメール,,,,2018年7月26日 12:26,2018年7月26日 12:47
HARBOR GARDEN（ハーバーガーデン）,https://harborgarden.owst.jp/,,,2018年8月8日 13:57,2018年8月8日 13:57
石倉さん、ボンファムさんへの提案やりとり,,,,2018年8月9日 13:22,2018年8月9日 14:10
お金の引き寄せの一番に大切なコト ワークやってみる,,,,2018年9月11日 14:50,2018年9月11日 16:58
SSL　メモ,,,,2018年10月1日 11:54,2018年10月1日 11:54
2019年2月28日  末の振込,,,,2018年10月4日 8:34,2019年2月26日 9:51
2019年７月末の振込,,,,2018年10月4日 8:34,2019年7月31日 9:13
2019年1月20日,,,,2018年10月4日 8:34,2019年1月20日 14:31
2019年2月14日 TODO・メモ,,,,2018年10月4日 8:34,2019年2月14日 9:51
２０１８年１１月１４日やること,,,,2018年10月4日 8:34,2018年11月14日 13:35
2020年9月末の振込,,,,2018年10月4日 8:34,2020年9月29日 13:16
2019年2月4日 TODO・メモ,,,,2018年10月4日 8:34,2019年2月3日 12:21
２０１８年１２月７日,,,,2018年10月4日 8:34,2018年12月8日 22:19
2019年2月11日 TODO・メモ,,,,2018年10月4日 8:34,2019年2月11日 8:46
2020年１月末の振込,,,,2018年10月4日 8:34,2020年1月30日 11:48
2019年2月11日 TODO・メモ,,,,2018年10月4日 8:34,2019年2月11日 8:46
２０１８年１１月６日やること,,,,2018年10月4日 8:34,2018年11月9日 15:30
2019年７月末の振込,,,,2018年10月4日 8:34,2019年7月31日 9:13
２０１９年１月２日,,"レッカー, 中古車, 廃車, 栗本商店, 買い取り",,2018年10月4日 8:34,2019年1月3日 18:51
2019年2月10日 TODO・メモ,,,,2018年10月4日 8:34,2019年2月10日 0:59
2019年5月末の振込,,,,2018年10月4日 8:34,2019年5月30日 11:02
2020年2月末の振込,,,,2018年10月4日 8:34,2020年2月28日 15:37
２０１８年１２月１０日,,,,2018年10月4日 8:34,2018年12月11日 21:16
２０１８年１０月１１日やること,,,,2018年10月4日 8:34,2018年10月12日 15:54
2019年2月14日 TODO・メモ,,,,2018年10月4日 8:34,2019年2月14日 9:51
ひー朝の打ち合わせ,,,,2018年10月10日 9:51,2018年10月10日 10:01
ウイスキー会　２０１８年１２月？,,,,2018年11月21日 15:19,2018年11月21日 18:57
Amazon | 【ノーブランド 品】MTB　ピスト　バイク　自転車用　スキッドプルーフ　ソフト　ラバー　ハンドル　グリップ　カバー | KOZEEY | グリップ・バーテープ,https://www.amazon.co.jp/KOZEEY-%E3%80%90%E3%83%8E%E3%83%BC%E3%83%96%E3%83%A9%E3%83%B3%E3%83%89-%E5%93%81%E3%80%91MTB-%E3%83%94%E3%82%B9%E3%83%88-%E3%83%90%E3%82%A4%E3%82%AF-%E8%87%AA%E8%BB%A2%E8%BB%8A%E7%94%A8-%E3%82%B9%E3%82%AD%E3%83%83%E3%83%89%E3%83%97%E3%83%AB%E3%83%BC%E3%83%95-%E3%82%BD%E3%83%95%E3%83%88-%E3%83%A9%E3%83%90%E3%83%BC-%E3%83%8F%E3%83%B3%E3%83%89%E3%83%AB-%E3%82%B0%E3%83%AA%E3%83%83%E3%83%97-%E3%82%AB%E3%83%90%E3%83%BC/dp/B01EFU4G96/ref=zg_bs_2201201051_12?_encoding=UTF8&psc=1&refRID=GNK4YR0Q4PQTEK9JK2V3,"ハンドグリップ, 自転車, 自転車　ハンドグリップ",,2019年1月27日 9:51,2019年1月27日 9:51
Apple - サポート - 確認,https://getsupport.apple.com/,"Apple, iPad, アップル, 修理, 修理iPad",,2019年2月5日 11:03,2019年2月5日 11:03
2019年3月２日　移動、準備,,,,2019年3月1日 20:32,2019年3月1日 20:33
Facebook　カンボジア人メモ,,,,2019年3月4日 19:24,2019年3月7日 11:51
バスの時間,,,,2019年3月6日 9:49,2019年3月6日 9:50
2019年4月14日,,,,2019年3月17日 9:37,2019年4月16日 1:42
2019年3月25日　やるコト,,,,2019年3月17日 9:37,2019年3月25日 11:11
2019年4月8日,,,,2019年3月17日 9:37,2019年4月8日 12:41
2019年4月4日　やるコト,,,,2019年3月17日 9:37,2019年4月4日 11:58
2019年3月29日　やるコト,,,,2019年3月17日 9:37,2019年3月29日 12:51
2019年4月18日,,,,2019年3月17日 9:37,2019年4月18日 12:43
翻訳,https://www.google.com/search?q=%E7%BF%BB%E8%A8%B3&oq=%E7%BF%BB%E8%A8%B3&aqs=chrome..69i57j35i39j69i61l3j69i59.1032j1j7&sourceid=chrome&ie=UTF-8,カンボジア,,2019年4月17日 16:43,2019年4月17日 16:43
２０１９年６月２６日,,,,2019年4月29日 7:55,2019年6月26日 14:46
２０１９年７月２日,,,,2019年4月29日 7:55,2019年7月2日 12:41
ひー打ち合わせ,,,,2019年6月4日 13:18,2019年6月5日 11:52
野々山さん、玉川さん、医師団,,"医師団, 玉川さん, 野々山さん",,2019年8月18日 10:43,2019年8月18日 10:43
２０１９年１０月１３日　やること、予定まとめ,,,,2019年8月25日 8:01,2019年10月14日 10:17
２０１９年１０月１7日　やること、予定まとめ,,,,2019年8月25日 8:01,2019年10月17日 10:32
ヘアセット、染め,,,,2019年9月21日 18:31,2019年9月21日 18:34
２０１９年９月３０日　エバー用意,,,,2019年9月29日 21:35,2019年9月30日 23:16
2021年大成功する　2019年１０月２２日,,,,2019年10月22日 15:11,2019年10月22日 15:42
ノート,,,,2019年11月30日 17:04,2019年11月30日 17:05
FX　2020年３月１０日　今日の狙い目,,,,2020年3月10日 12:29,2020年3月10日 12:45
宗像久男　ブドウ糖はガン（癌）の餌　ガンは3ヶ月で治せる,,"ガン, 癌",,2020年4月6日 11:18,2020年4月6日 11:18
自分の動画,,,,2020年4月6日 19:39,2020年4月10日 3:22
申請マイページ | 持続化給付金,https://mypage.jizokuka-kyufu.jp/beneappregistwebconfirm_page,"持続化給付金, 申請, 給付金",,2020年5月19日 20:45,2020年5月19日 20:47
今週の予定 2021年03月22日,,,,2021年3月22日 10:45,2021年3月23日 12:42
今週の予定 2021年03月23日,,,,2021年3月22日 10:45,2021年3月23日 12:45
ドライブ情報　湧き水へ,,,,2021年3月23日 13:23,2021年3月23日 13:43
06日 知多、海、山,,,,2021年4月5日 0:52,2021年4月6日 10:22
念　退会届,,,,2021年5月2日 8:34,2021年5月2日 8:34
2021年5月21日　目標,,,,2021年5月21日 17:03,2021年6月14日 12:20
玄関の鍵交換,,,,2021年12月22日 17:06,2021年12月22日 17:07
完了｜デジハリオンラインスクール,https://entry.dhw.co.jp/thanks.php?order=G-DHW172022021012191366658,,,2022年2月10日 12:21,2022年2月10日 12:21
hetemail,https://tools.heteml.jp/mailbox/read/folder/INBOX/id/175398/,,,2022年2月10日 12:37,2022年2月10日 12:37
休暇村茶臼山高原 | 予約完了ページ,https://www.qkamura.or.jp/qkamura/489/comp_q.asp?yaid=chausu&yoid=2108250&md=Y01&memerr=&memflg=0&ypro=YES&prv=,,,2022年3月1日 19:26,2022年3月1日 19:26
2015年１月３１日,,,,1970年1月7日 18:31,2015年1月25日 23:55
２０１４年12月２９日　やること,file:///,,,1970年1月23日 0:52,2014年12月24日 20:54
２０１2年2月25日やることリスト,http://eow.alc.co.jp/%e9%9b%bb%e8%a9%b1/UTF-8/,,,2012年2月25日 11:50,2012年2月26日 17:59
２０１2年2月29日やることリスト,http://eow.alc.co.jp/%e9%9b%bb%e8%a9%b1/UTF-8/,,,2012年2月29日 10:52,2012年2月29日 12:39
メール,,,,2012年3月4日 13:05,2012年3月4日 13:36
２０１2年3月5日やることリスト,http://eow.alc.co.jp/%e9%9b%bb%e8%a9%b1/UTF-8/,,,2012年3月5日 9:37,2012年3月6日 10:13
２０１2年3月9日やることリスト,http://eow.alc.co.jp/%e9%9b%bb%e8%a9%b1/UTF-8/,,,2012年3月9日 10:09,2012年3月9日 20:41
２０１2年3月1２日やることリスト,http://eow.alc.co.jp/%e9%9b%bb%e8%a9%b1/UTF-8/,,,2012年3月12日 14:39,2012年3月12日 22:25
２０１2年3月1４日やることリスト,http://eow.alc.co.jp/%e9%9b%bb%e8%a9%b1/UTF-8/,,,2012年3月13日 18:52,2012年3月14日 10:08
２０１2年3月17日やることリスト,http://eow.alc.co.jp/%e9%9b%bb%e8%a9%b1/UTF-8/,,,2012年3月15日 14:14,2012年3月18日 9:31
２０１2年3月22日やることリスト,http://eow.alc.co.jp/%e9%9b%bb%e8%a9%b1/UTF-8/,,,2012年3月22日 9:25,2012年3月22日 21:39
２０１2年3月25日やることリスト,http://eow.alc.co.jp/%e9%9b%bb%e8%a9%b1/UTF-8/,,,2012年3月25日 13:59,2012年3月25日 15:46
２０１2年3月2６日やることリスト,http://eow.alc.co.jp/%e9%9b%bb%e8%a9%b1/UTF-8/,,,2012年3月28日 8:44,2012年3月28日 8:44
２０１2年3月３０日やることリスト,http://eow.alc.co.jp/%e9%9b%bb%e8%a9%b1/UTF-8/,,,2012年3月29日 19:21,2012年3月30日 11:23
２０１2年４月４日やることリスト,http://eow.alc.co.jp/%e9%9b%bb%e8%a9%b1/UTF-8/,,,2012年4月3日 18:33,2012年4月5日 12:51
２０１2年４月８日やることリスト,http://eow.alc.co.jp/%e9%9b%bb%e8%a9%b1/UTF-8/,,,2012年4月7日 8:51,2012年4月9日 14:16
２０１2年４月７日やることリスト,http://eow.alc.co.jp/%e9%9b%bb%e8%a9%b1/UTF-8/,,,2012年4月7日 8:54,2012年4月9日 14:16
２０１2年４月１０日やることリスト,http://eow.alc.co.jp/%e9%9b%bb%e8%a9%b1/UTF-8/,,,2012年4月9日 13:55,2012年4月9日 14:17
２０１2年４月9日やることリスト,http://eow.alc.co.jp/%e9%9b%bb%e8%a9%b1/UTF-8/,,,2012年4月9日 14:16,2012年4月9日 19:52
２０１2年４月１1日やることリスト,http://eow.alc.co.jp/%e9%9b%bb%e8%a9%b1/UTF-8/,,,2012年4月11日 16:52,2012年4月11日 16:53
２０１2年４月１７日やることリスト,http://eow.alc.co.jp/%e9%9b%bb%e8%a9%b1/UTF-8/,,,2012年4月12日 10:48,2012年4月18日 8:27
２０１2年４月１2日やることリスト,http://eow.alc.co.jp/%e9%9b%bb%e8%a9%b1/UTF-8/,,,2012年4月15日 13:53,2012年4月15日 14:19
２０１2年４月１４日やることリスト,http://eow.alc.co.jp/%e9%9b%bb%e8%a9%b1/UTF-8/,,,2012年4月15日 22:05,2012年4月15日 22:17
２０１2年４月１８日やることリスト,http://eow.alc.co.jp/%e9%9b%bb%e8%a9%b1/UTF-8/,,,2012年4月18日 8:27,2012年4月18日 8:28
２０１2年４月28日やることリスト,http://eow.alc.co.jp/%e9%9b%bb%e8%a9%b1/UTF-8/,,,2012年4月21日 12:53,2012年4月28日 8:37
２０１2年5月2日やることリスト,http://eow.alc.co.jp/%e9%9b%bb%e8%a9%b1/UTF-8/,,,2012年5月3日 9:33,2012年5月3日 9:34
２０１2年5月１２日やることリスト,http://eow.alc.co.jp/%e9%9b%bb%e8%a9%b1/UTF-8/,,,2012年5月9日 19:41,2012年5月13日 8:16
２０１2年5月９日やることリスト,http://eow.alc.co.jp/%e9%9b%bb%e8%a9%b1/UTF-8/,,,2012年5月11日 8:22,2012年5月11日 8:23
２０１2年5月１５日やることリスト,http://eow.alc.co.jp/%e9%9b%bb%e8%a9%b1/UTF-8/,,,2012年5月15日 8:49,2012年5月15日 21:26
２０１2年5月２０日やることリスト,,,,2012年5月20日 9:06,2012年5月20日 18:24
２０１2年5月２４日やることリスト,,,,2012年5月20日 10:19,2012年5月24日 19:39
２０１2年5月２１日やることリスト,,,,2012年5月24日 13:23,2012年5月24日 13:26
２０１2年5月２８日やることリスト,,,,2012年5月26日 13:37,2012年5月28日 16:25
２０１2年5月２６日やることリスト,,,,2012年5月26日 13:42,2012年5月26日 13:46
２０１2年5月２９日やることリスト,,,,2012年5月31日 15:52,2012年5月31日 16:06
２０１2年６月３日やることリスト,,,,2012年6月3日 10:40,2012年6月3日 15:28
２０１2年６月６日やることリスト,,,,2012年6月7日 9:48,2012年6月7日 10:07
２０１2年６月8日やることリスト,,,,2012年6月8日 8:26,2012年6月8日 9:07
２０１2年６月11 日やることリスト,,,,2012年6月11日 9:41,2012年6月11日 12:00
２０１2年６月12 日やることリスト,https://users.minim.jp/panel/contract.php,,,2012年6月12日 8:44,2012年6月12日 16:05
２０１2年６月24 日やることリスト,https://users.minim.jp/panel/contract.php,,,2012年6月26日 12:51,2012年6月26日 13:21
２０１2年６月27 日やることリスト,https://users.minim.jp/panel/contract.php,,,2012年6月27日 10:37,2012年6月30日 11:08
２０１2年７月４ 日やることリスト,https://users.minim.jp/panel/contract.php,,,2012年7月4日 9:55,2012年7月5日 1:13
２０１2年７月１０日やることリスト,https://users.minim.jp/panel/contract.php,,,2012年7月10日 18:01,2012年7月10日 18:15
２０１2年７月１4日やることリスト,https://users.minim.jp/panel/contract.php,,,2012年7月14日 9:37,2012年7月18日 10:28
２０１2年７月24日やることリスト,https://users.minim.jp/panel/contract.php,,,2012年7月24日 10:05,2012年7月24日 16:16
２０１2年８月4日やることリスト,https://users.minim.jp/panel/contract.php,,,2012年8月4日 23:06,2012年8月4日 23:09
２０１2年８月３０日やることリスト,https://users.minim.jp/panel/contract.php,,,2012年8月30日 23:18,2012年9月6日 12:04
２０１2年１０月１日やることリスト,https://users.minim.jp/panel/contract.php,,,2012年9月20日 16:39,2012年10月1日 9:01
２０１2年１０月１０日やることリスト,https://users.minim.jp/panel/contract.php,,,2012年10月10日 10:23,2012年10月10日 18:53
フォークリフト　店頭購入　見本　元,http://www.asahifork.com/cyukosya20-30counter.htm,,,2012年10月12日 11:50,2012年10月12日 14:53
2012年 10月13日,,,,2012年10月13日 13:17,2012年10月13日 13:22
2012年 10月1４日,,,,2012年10月14日 9:50,2012年10月14日 12:42
2012年 10月1９日やること,,,,2012年10月19日 9:58,2012年10月20日 13:01
2012年 10月２９日やること,http://www.nicovideo.jp/watch/sm16982843,,,2012年10月27日 11:52,2012年10月30日 23:03
2012年 10月３１日やること,http://www.nicovideo.jp/watch/sm16982843,,,2012年11月1日 10:02,2012年11月1日 10:04
2012年 11月１３日やること,http://www.nicovideo.jp/watch/sm16982843,,,2012年11月13日 12:07,2012年11月13日 12:09
2012年 11月１９日やること,http://www.nicovideo.jp/watch/sm16982843,,,2012年11月14日 11:38,2012年11月19日 23:46
2012年 11月１６日やること,http://www.nicovideo.jp/watch/sm16982843,,,2012年11月19日 14:01,2012年11月19日 14:06
2012年 11月２８日やること,http://www.nicovideo.jp/watch/sm16982843,,,2012年11月26日 10:59,2012年12月4日 16:21
2012年 1２月１０日やること,http://www.nicovideo.jp/watch/sm16982843,,,2012年12月12日 16:46,2012年12月12日 16:53
2012年 1２月31日やること,http://www.nicovideo.jp/watch/sm16982843,,,2012年12月31日 12:10,2013年1月7日 17:11
201３年 1月１７日やること,http://www.nicovideo.jp/watch/sm16982843,,,2013年1月8日 14:59,2013年1月20日 11:29
201３年 1月７日やること,http://www.nicovideo.jp/watch/sm16982843,,,2013年1月17日 12:57,2013年1月17日 13:16
201３年 1月２4日やること,http://www.nicovideo.jp/watch/sm16982843,,,2013年1月20日 11:40,2013年1月26日 16:31
201３年 1月２８日やること,http://www.nicovideo.jp/watch/sm16982843,,,2013年1月28日 17:36,2013年1月30日 13:55
201３年 1月３０日やること,http://www.nicovideo.jp/watch/sm16982843,,,2013年1月31日 0:40,2013年2月1日 13:52
201３年 ２月２６日やること,http://www.nicovideo.jp/watch/sm16982843,,,2013年2月26日 19:10,2013年2月28日 19:02
201３年 3月１２日やること,http://www.nicovideo.jp/watch/sm16982843,,,2013年3月2日 16:24,2013年3月15日 16:38
201３年 ５月４日やること,http://www.nicovideo.jp/watch/sm16982843,,,2013年4月25日 11:35,2013年5月4日 12:29
201３年 ５月１４日やること,http://www.nicovideo.jp/watch/sm16982843,,,2013年5月14日 12:43,2013年5月25日 11:45
201３年 ５月２０日やること,http://www.nicovideo.jp/watch/sm16982843,,,2013年5月21日 15:57,2013年5月22日 23:21
201３年 ５月２８日やること,http://www.nicovideo.jp/watch/sm16982843,,,2013年5月28日 19:49,2013年6月2日 17:05
サニッシュへの支払,,,,2013年5月29日 14:51,2013年5月29日 14:52
201３年 ６月14日やること,http://www.nicovideo.jp/watch/sm16982843,,,2013年6月14日 10:28,2013年6月18日 13:16
201３年 ６月２７日やること,http://www.nicovideo.jp/watch/sm16982843,,,2013年6月18日 13:19,2013年6月27日 9:41
２０１３年８月１日　やること,file:///,,,2013年8月1日 15:43,2013年8月7日 9:37
２０１３年８月７日　やること,file:///,,,2013年8月7日 19:33,2013年8月11日 23:12
２０１３年８月１２日　やること,file:///,,,2013年8月13日 16:22,2013年8月15日 12:30
２０１３年８月１８日　やること,file:///,,,2013年8月18日 8:06,2013年8月18日 20:42
２０１３年８月２７日　やること,file:///,,,2013年9月1日 11:44,2013年9月1日 11:44
２０１３年９月1８日　やること,file:///,,,2013年9月24日 10:11,2013年9月24日 10:11
２０１３年９月２７日　やること,http://sunnysh.xsrv.jp/PlanMailReg,,,2013年9月26日 9:20,2013年9月27日 16:30
２０１３年１０月１７日　やること,http://sunnysh.xsrv.jp/PlanMailReg,,,2013年9月29日 17:37,2013年10月20日 12:24
エバーグレーズ,,,,2013年10月8日 22:03,2013年10月9日 11:45
２０１３年１０月２４日　やること,http://sunnysh.xsrv.jp/PlanMailReg,,,2013年10月21日 17:21,2013年10月24日 16:14
２０１３年１１月２１日　やること,http://sunnysh.xsrv.jp/PlanMailReg,,,2013年11月5日 22:58,2013年11月22日 17:23
２０１３年１１月０５日　やること,http://sunnysh.xsrv.jp/PlanMailReg,,,2013年11月8日 13:28,2013年11月8日 13:28
２０１３年１１月０８日　やること,http://sunnysh.xsrv.jp/PlanMailReg,,,2013年11月12日 17:09,2013年11月12日 17:09
２０１３年１１月２８日　やること,http://sunnysh.xsrv.jp/PlanMailReg,,,2013年12月4日 21:52,2013年12月4日 21:52
２０１３年１2月９日　やること,http://sunnysh.xsrv.jp/PlanMailReg,,,2013年12月9日 9:58,2013年12月15日 16:10
２０１３年１2月2２日　やること,http://sunnysh.xsrv.jp/PlanMailReg,,,2013年12月20日 17:09,2013年12月22日 11:16
２０１３年１2月３０日　やること,http://sunnysh.xsrv.jp/PlanMailReg,,,2013年12月30日 10:40,2014年1月5日 9:53
２０１４年１月１０日　やること,http://sunnysh.xsrv.jp/PlanMailReg,,,2014年1月5日 9:50,2014年1月13日 14:41
２０１４年１月５日　やること,http://sunnysh.xsrv.jp/PlanMailReg,,,2014年1月9日 21:39,2014年1月9日 21:39
２０１４年１月21日　やること,,,,2014年1月22日 11:28,2014年1月23日 15:17
つくね,,,,2014年2月4日 10:28,2014年2月4日 10:28
ライフサイクル,,,,2014年2月4日 11:42,2014年2月4日 11:42
２０１４年2月４日　やること,,,,2014年2月4日 12:10,2014年2月6日 13:24
２０１４年2月２２日　やること,,,,2014年2月22日 13:01,2014年2月25日 14:41
２０１４年３月２５日　やること,http://ja.wikipedia.org/wiki/%E3%83%87%E3%82%A3%E3%83%AC%E3%82%AF%E3%82%BF%E3%83%BC,,,2014年3月15日 11:57,2014年3月27日 17:52
２０１４年３月１７日　やること,http://ja.wikipedia.org/wiki/%E3%83%87%E3%82%A3%E3%83%AC%E3%82%AF%E3%82%BF%E3%83%BC,,,2014年3月18日 12:19,2014年4月2日 11:02
２０１４年３月３１日　やること,http://ja.wikipedia.org/wiki/%E3%83%87%E3%82%A3%E3%83%AC%E3%82%AF%E3%82%BF%E3%83%BC,,,2014年3月31日 17:43,2014年3月31日 17:46
２０１４年４月３日　やること,http://ja.wikipedia.org/wiki/%E3%83%87%E3%82%A3%E3%83%AC%E3%82%AF%E3%82%BF%E3%83%BC,,,2014年4月3日 13:52,2014年4月4日 17:52
２０１４年４月８日　やること,,,,2014年4月8日 16:46,2014年4月8日 18:13
２０１４年４月１５日　やること,http://www.iryou-kiki.net/info/uf_760ag_paolus.html,,,2014年4月27日 14:20,2014年4月27日 14:20
２０１４年５月1３日　やること,http://www.iryou-kiki.net/info/uf_760ag_paolus.html,,,2014年5月11日 15:19,2014年5月21日 10:36
２０１４年５月２７日　やること,http://www.iryou-kiki.net/info/uf_760ag_paolus.html,,,2014年5月27日 13:07,2014年5月29日 13:18
２０１４年５月２9日　やること,http://www.iryou-kiki.net/info/uf_760ag_paolus.html,,,2014年5月29日 15:25,2014年6月2日 12:01
２０１４年７月３１日　やること,http://www.iryou-kiki.net/info/uf_760ag_paolus.html,,,2014年6月4日 8:48,2014年7月31日 22:38
２０１４年６月１４日　やること,http://www.iryou-kiki.net/info/uf_760ag_paolus.html,,,2014年6月16日 15:29,2014年6月16日 15:29
２０１４年６月１６日　やること,http://www.iryou-kiki.net/info/uf_760ag_paolus.html,,,2014年6月20日 14:30,2014年6月20日 14:30
２０１４年６月２７日　やること,http://www.iryou-kiki.net/info/uf_760ag_paolus.html,,,2014年6月27日 8:36,2014年6月29日 20:51
２０１４年７月２２日　やること,http://www.iryou-kiki.net/info/uf_760ag_paolus.html,,,2014年7月22日 16:53,2014年7月24日 18:14
２０１４年７月２５日　やること,http://www.iryou-kiki.net/info/uf_760ag_paolus.html,,,2014年7月25日 11:03,2014年7月27日 15:58
２０１４年７月３０日　やること,http://www.iryou-kiki.net/info/uf_760ag_paolus.html,,,2014年7月31日 8:48,2014年8月28日 9:43
２０１４年８月１日　やること,http://www.iryou-kiki.net/info/uf_760ag_paolus.html,,,2014年8月3日 10:42,2014年8月3日 10:42
２０１４年８月４日　やること,http://www.iryou-kiki.net/info/uf_760ag_paolus.html,,,2014年8月5日 10:37,2014年8月5日 10:37
２０１４年８月８日　やること,http://www.iryou-kiki.net/info/uf_760ag_paolus.html,,,2014年8月7日 18:06,2014年8月7日 18:07
２０１４年８月２８日　やること,http://www.iryou-kiki.net/info/uf_760ag_paolus.html,,,2014年8月18日 16:24,2014年8月28日 22:06
２０１４年9月７日　やること,http://www.iryou-kiki.net/info/uf_760ag_paolus.html,,,2014年8月29日 9:12,2014年9月9日 8:32
２０１４年８月２９日　やること,http://www.iryou-kiki.net/info/uf_760ag_paolus.html,,,2014年8月30日 17:41,2014年8月30日 17:43
２０１４年9月10日　やること,http://www.iryou-kiki.net/info/uf_760ag_paolus.html,,,2014年9月15日 9:34,2014年9月15日 9:34
２０１４年9月1５日　やること,http://www.iryou-kiki.net/info/uf_760ag_paolus.html,,,2014年9月16日 9:52,2014年9月16日 9:52
２０１４年9月２９日　やること,http://www.iryou-kiki.net/info/uf_760ag_paolus.html,,,2014年9月23日 9:40,2014年9月30日 15:27
27日、行きの予定,,,,2014年9月26日 22:39,2014年9月26日 22:44
２０１４年9月３０日　やること,http://www.iryou-kiki.net/info/uf_760ag_paolus.html,,,2014年10月1日 9:14,2014年10月1日 9:14
２０１４年10月1日　やること,http://www.iryou-kiki.net/info/uf_760ag_paolus.html,,,2014年10月2日 14:30,2014年10月2日 14:30
２０１４年10月４日　やること,http://www.iryou-kiki.net/info/uf_760ag_paolus.html,,,2014年10月3日 13:53,2014年10月4日 14:32
２０１４年10月３日　やること,http://www.iryou-kiki.net/info/uf_760ag_paolus.html,,,2014年10月4日 9:43,2014年10月4日 9:44
２０１４年10月６日　やること,http://www.iryou-kiki.net/info/uf_760ag_paolus.html,,,2014年10月4日 9:44,2014年10月8日 9:02
２０１４年10月５日　やること,http://www.iryou-kiki.net/info/uf_760ag_paolus.html,,,2014年10月6日 9:02,2014年10月6日 9:02
２０１４年10月１０日　やること,file:///,,,2014年10月12日 10:31,2014年10月12日 10:31
引越一番　動画,,,,2014年10月13日 14:29,2014年10月13日 14:31
２０１４年10月２４日　やること,file:///,,,2014年10月16日 12:37,2014年10月24日 19:01
２０１４年10月１６日　やること,file:///,,,2014年10月17日 16:37,2014年10月17日 16:37
２０１４年10月１８日　やること,file:///,,,2014年10月19日 16:53,2014年10月19日 16:53
２０１４年10月１９日　やること,file:///,,,2014年10月20日 15:04,2014年10月20日 15:04
２０１４年10月２２日　やること,file:///,,,2014年10月23日 10:40,2014年10月23日 10:40
２０１４年10月２３日　やること,file:///,,,2014年10月24日 9:53,2014年10月24日 9:53
フォントスタイル 2014/10/27,,,,2014年10月27日 14:10,2014年10月28日 14:08
２０１４年1１月１日　やること,file:///,,,2014年10月28日 14:08,2014年11月2日 18:31
２０１４年1１月８日　やること,file:///,,,2014年11月7日 22:13,2014年11月10日 14:06
阿部さん説明資料,,,,2014年11月13日 13:13,2014年11月14日 16:13
ノート,,,,2014年11月17日 7:58,2014年11月17日 8:03
２０１４年1１月２４日　やること,file:///,,,2014年11月23日 16:29,2014年11月24日 9:33
２０１４年1１月２６日　やること,file:///,,,2014年11月28日 9:41,2014年11月30日 22:20
２０１４年1１月２８日　やること,file:///,,,2014年12月1日 14:30,2014年12月1日 14:30
サンライトさん　Jクレジット資料,,,,2014年12月4日 12:24,2014年12月5日 17:30
２０１４年12月１４日　やること,file:///,,,2014年12月14日 12:40,2014年12月16日 20:17
ms事務所紹介,,,,2014年12月19日 11:32,2014年12月19日 11:51
２０１４年12月19日　やること,file:///,,,2014年12月19日 15:54,2014年12月22日 10:10
鈴木さん打ち合わせ 2014/12/28,,,,2014年12月28日 16:28,2014年12月28日 16:28
２０１４年12月2６日　やること,file:///,,,2015年1月5日 18:00,2015年1月5日 18:00
２０１５年１月５日　やること,file:///,,,2015年1月7日 19:26,2015年1月7日 19:26
ノート,,,,2015年1月14日 14:56,2015年1月14日 14:57
プロジェクター,http://item.rakuten.co.jp/econve/8322434/,,,2015年1月18日 10:41,2015年1月18日 11:42
２０１５年１月２１日　やること,,,,2015年1月21日 10:36,2015年1月21日 10:37
PRJ-3,,,,2015年1月21日 19:31,2015年1月21日 19:32
2015年１月２９日,,,,2015年1月30日 9:33,2015年1月30日 9:33
2015年２月４日,,,,2015年2月4日 11:02,2015年2月6日 14:40
★地域工場・中小企等の省エネルギー設備導入補助,,,,2015年2月17日 21:40,2015年2月17日 21:40
2015年２月11日,,,,2015年2月18日 17:37,2015年2月18日 17:37
振り込み２月末,https://secure.sakura.ad.jp/menu/bill/index.php?,,,2015年2月27日 6:58,2015年2月27日 7:02
ノート,,,,2015年3月30日 18:39,2015年4月3日 18:06
川本さん,,,,2015年4月5日 21:57,2015年4月18日 18:22
鈴木さん安城商工会議所,,,,2015年4月7日 10:04,2015年4月7日 11:43
2015年４月20日,,,,2015年4月20日 9:11,2015年4月26日 12:15
岡田さんプレゼント,https://mail.google.com/mail/u/0/#inbox/14cd4c03a4384cc7,,,2015年4月20日 12:24,2015年4月20日 13:12
石原接骨院様,,,,2015年4月20日 15:58,2015年4月20日 15:58
補助金について、,,,,2015年4月22日 16:31,2015年4月22日 21:15
名古屋市中村区名駅3-22-4,https://mail.google.com/mail/u/0/#inbox/14ce8969530f4364,,,2015年4月24日 9:00,2015年4月24日 9:00
2015年４月20日,https://www.graphic.jp/mypage/orderHistory.php,,,2015年4月30日 11:23,2015年4月30日 13:50
電話&FAX,https://my.toones.jp/credit_tops/index/,,,2015年5月1日 11:07,2015年5月1日 11:54
川本さん打ち合わせネタ,,,,2015年5月2日 6:31,2015年5月2日 6:34
2015年５月６日,https://www.graphic.jp/mypage/orderHistory.php,,,2015年5月4日 9:53,2015年5月9日 9:21
アオイさん,,,,2015年5月6日 12:54,2015年5月6日 12:55
ノート,http://plaza.rakuten.co.jp/sakaimo0629/diary/200404080000/,,,2015年5月6日 14:47,2015年5月22日 18:03
★会社名：一般社団法人エフェクティブコーチング協会,https://www.chatwork.com/#!rid25791018,,,2015年5月10日 0:44,2015年5月10日 0:56
2015年５月１０日,https://www.graphic.jp/mypage/orderHistory.php,,,2015年5月10日 17:04,2015年5月10日 17:08
アメブロ攻略,,,,2015年5月13日 12:04,2015年5月13日 12:06
ブログネタ　ライフサイクルの　各時期の説明,,,,2015年5月15日 14:28,2015年5月15日 14:28
昨日は、YouTubeの動画を使った集客について、説明させてもらい、,,,,2015年5月16日 17:50,2015年5月16日 18:11
サンライト・シールド展示会,,,,2015年5月16日 19:10,2015年5月23日 13:01
展示会　株式会社アクトす,,,,2015年5月20日 21:22,2015年5月20日 21:23
大和小田急建設株式会社,https://tools.heteml.jp/mailbox/read/folder/INBOX/id/19/,,,2015年5月22日 8:57,2015年5月22日 8:57
★HandBrak-jp,,,,2015年5月23日 19:02,2015年5月23日 19:02
アジアへの環境サポート,,,,2015年5月27日 10:44,2015年5月27日 10:44
ノート,,,,2015年5月27日 16:28,2015年5月27日 17:15
クラクラ,,,,2015年5月27日 17:15,2015年5月27日 17:15
２０１５年５月末振り込み,,,,2015年5月28日 11:25,2015年5月28日 11:30
バリュードメイン お支払手続き,https://p01.mul-pay.jp/link/1100890000001/Cvs/Exec?T0=e3d4960b36ca1d06d33798309edd389a&T1=4441fdf12d3f310e6adf337cc7ea205f7fd08abe,,,2015年5月30日 10:28,2015年5月30日 10:28
工事発注請書,,,,2015年6月8日 18:42,2015年6月9日 2:05
鈴木様,,,,2015年6月22日 12:23,2015年6月22日 12:25
2015年6月22日　やること,,,,2015年6月22日 13:50,2015年6月22日 17:16
エバーグレイス,,,,2015年6月25日 17:54,2015年6月30日 14:31
無題,,,,2015年7月11日 11:48,2015年7月11日 11:50
ベトナムコーヒー,,,,2015年7月11日 16:45,2015年7月11日 16:46
無題,,,,2015年7月16日 21:07,2015年7月16日 21:07
ブログネタ,,,,2015年7月17日 23:15,2015年7月19日 12:20
２０１５年８月１６日　川本さん打ち合わせ,,,,2015年8月16日 7:42,2015年8月16日 8:21
実績のない人の、信頼度やイメージを底上げするブランディング,,,,2015年8月16日 15:01,2015年8月16日 18:21
川本さんとの次回打ち合わせ資料,,,,2015年9月9日 16:28,2015年9月9日 16:29
ベイングロリー,,,,2015年9月11日 21:41,2015年9月19日 17:29
Facebookを広告に〜ユーザーデータ〜,,,,2015年9月12日 7:41,2015年9月12日 7:42
2015年9月19日,,,,2015年9月17日 6:48,2015年9月19日 14:29
ブログねた,,,,2015年9月23日 8:37,2015年9月23日 8:38
サンライトパンフ印刷費,,,,2015年9月28日 9:16,2015年10月11日 6:51
welcart用テーマ,,,,2015年10月1日 14:11,2015年10月1日 14:33
２０１５年１０月１３日　やることリスト,,,,2015年10月13日 9:55,2015年10月13日 9:56
２０１５年１０月２０日　やること,,,,2015年10月20日 19:10,2015年10月20日 19:15
鈴木さん商工会の件FAX,,,,2015年10月22日 17:45,2015年10月22日 17:46
ブログのネタ,,,,2015年10月24日 10:02,2015年11月18日 21:31
２０１５年１０月２９日,,,,2015年10月30日 11:22,2015年10月30日 11:44
坂本さん事務所,,,,2015年10月30日 11:48,2015年10月30日 11:53
ECAのHP更新,,,,2015年10月30日 17:17,2015年10月30日 17:17
ツイッター　無料ツール,,,,2015年10月31日 18:58,2015年10月31日 18:59
ノート2015年 11月08日,,,,2015年11月8日 10:24,2015年11月12日 14:06
２０１５-年１１月２１日,,,,2015年11月21日 10:24,2015年11月21日 10:33
無題,,,,2015年11月22日 10:28,2015年11月22日 13:42
アメブロのテーマ変更、ネタ,,,,2015年11月22日 15:54,2015年11月29日 0:39
２０１５年１１月２５日,,,,2015年11月25日 22:03,2015年11月25日 23:21
２０１５年１１月末振り込み,https://mail.google.com/mail/u/0/?tab=wm#inbox/14db72fe5493578d,,,2015年11月30日 8:15,2015年11月30日 8:17
ライフギャラリー集客,,,,2015年12月15日 15:40,2015年12月15日 15:49
川本さん集客,,,,2015年12月15日 16:00,2015年12月17日 18:24
今日やること,,,,2015年12月16日 18:54,2015年12月16日 18:55
ライフギャラリー,,,,2015年12月17日 12:57,2015年12月17日 14:20
２０１５年１２月２４日　やること,,,,2015年12月24日 12:48,2015年12月24日 13:00
ECA集客勉強会 資料,,,,2015年12月24日 12:54,2015年12月26日 13:35
２０１５年１２月末振り込み,https://mail.google.com/mail/u/0/?tab=wm#inbox/14db72fe5493578d,,,2015年12月24日 21:41,2015年12月30日 12:22
無題,,,,2015年12月26日 17:57,2015年12月26日 17:58
起業家向け　YouTube動画,,,,2016年1月5日 19:55,2016年1月5日 19:55
２０１６年０１月末振り込み,https://mail.google.com/mail/u/0/?tab=wm#inbox/14db72fe5493578d,,,2016年1月10日 12:14,2016年1月28日 13:40
ECA プロダクトローンチ,,,,2016年1月21日 18:55,2016年1月21日 19:15
アドビ,,,,2016年1月27日 14:33,2016年1月27日 14:35
春日井市において西本町2丁目7番で作成されたノート,,,,2016年1月30日 23:26,2016年1月30日 23:27
２０１６年　１月３１日　川本さん打ち合わせ,,,,2016年1月31日 11:33,2016年1月31日 15:49
ハッスルサーバー,,,,2016年2月1日 9:10,2016年2月1日 9:10
集客を考える時のポイント,,,,2016年2月13日 15:49,2016年2月13日 17:12
無題,,,,2016年2月16日 15:30,2016年2月16日 16:18
VR、ドローンを利用したインパクトのある訴求,,,,2016年2月26日 8:07,2016年2月26日 8:16
あかいわ接骨院さん,,,,2016年3月23日 16:25,2016年3月23日 16:25
2016年4月3日今日やること,,,,2016年4月3日 10:08,2016年4月3日 10:11
無題,,,,2016年4月20日 20:27,2016年4月20日 20:29
クワロワ,,,,2016年5月2日 17:52,2016年5月16日 9:17
山崎さん打ち合わせ,,,,2016年5月3日 9:08,2016年5月3日 9:12
ベトナムリゾート,,,,2016年5月4日 13:56,2016年5月4日 13:56
無題,,,,2016年5月5日 20:11,2016年5月5日 20:14
2016年5月9日　アメブロ,,,,2016年5月9日 21:27,2016年5月9日 22:14
サンライト　青木さん請求,,,,2016年5月12日 10:19,2016年5月12日 10:20
2016年5月13日,,,,2016年5月13日 4:24,2016年5月13日 4:29
2016年5月24日　愛知の滝リスト,,,,2016年5月17日 12:59,2016年5月24日 10:23
２０１６年０5月末振り込み,https://mail.google.com/mail/u/0/?tab=wm#inbox/14db72fe5493578d,,,2016年5月27日 8:32,2016年5月27日 8:36
２０１６年０６月末振り込み,https://mail.google.com/mail/u/0/?tab=wm#inbox/14db72fe5493578d,,,2016年6月1日 16:48,2016年6月27日 10:18
ノート,,,,2016年6月7日 9:13,2016年6月7日 9:14
春日井市において味美白山町2丁目9番で作成されたノート,,,,2016年6月7日 21:11,2016年6月7日 21:52
２０１６年６月２２日　やること,,,,2016年6月22日 11:14,2016年6月22日 13:36
ライフギャラリー,,,,2016年7月22日 10:54,2016年7月22日 18:07
食事会予約,,,,2016年7月24日 10:20,2016年7月24日 10:21
２０１６年８月１３日　今気をつけること,,,,2016年8月13日 17:41,2016年8月14日 14:23
ノート,,,,2016年8月16日 9:59,2016年8月16日 10:28
川本さん、自分達のビジネスプラン,,,,2016年8月16日 9:59,2016年8月17日 11:25
Gmailで受け取れなかったメール,,,,2016年8月20日 16:30,2016年8月20日 16:31
万能なメディアプレーヤー～5KPlayerオススメ,,,,2016年9月7日 19:16,2016年9月7日 19:17
ワイン交流会,,,,2016年9月16日 15:05,2016年9月16日 15:05
１０月２日交流会,,,,2016年9月26日 16:31,2016年9月26日 16:53
こずのパソコンの修理,,,,2016年9月26日 19:26,2016年9月26日 19:26
２０１６年０９月末振り込み,https://mail.google.com/mail/u/0/?tab=wm#inbox/14db72fe5493578d,,,2016年9月28日 12:00,2016年9月28日 12:08
２０１６年１０月末振り込み,https://mail.google.com/mail/u/0/?tab=wm#inbox/14db72fe5493578d,,,2016年10月5日 16:16,2016年10月31日 8:23
外部起動用　USB　作成,,,,2016年10月12日 10:51,2016年10月12日 10:51
腹筋ダイエット,,,,2016年10月17日 18:03,2016年11月5日 16:27
ヒルドイド　美肌　保湿,,,,2016年10月19日 9:10,2016年10月19日 9:10
２０１６年１１月２６日やること,,,,2016年11月26日 16:27,2016年11月26日 16:30
２０１６年１１月２８日やること,,,,2016年11月28日 6:37,2016年11月28日 16:51
２０１６年１１月３０日やること,,,,2016年11月30日 9:15,2016年11月30日 9:16
アメブロ　ペタ　ツール　無料　読者申請,,,,2017年1月7日 21:55,2017年1月7日 22:03
石原接骨院さん向け高級名刺印刷会社,,,,2017年1月14日 16:24,2017年1月14日 16:27
クラロワ　クラン宝箱,,,,2017年1月16日 17:28,2017年1月18日 18:22
２０１７年1月25日 今やるべき事,,,,2017年1月25日 9:30,2017年1月25日 11:04
節税 富裕層のパーペチュアルトラベラー（PT）と言う生き方。,,,,2017年1月30日 16:56,2017年1月30日 16:57
２０１７年２月６日,,,,2017年2月6日 9:54,2017年2月6日 17:33
ノート,,,,2017年2月12日 0:59,2017年2月13日 0:33
無題,,,,2017年2月24日 19:25,2017年2月24日 19:31
２０１７年３月８日,,,,2017年3月8日 14:51,2017年3月9日 11:22
２０１７年３月９日,,,,2017年3月9日 10:58,2017年3月10日 11:30
２０１７年３月１０日,,,,2017年3月10日 11:30,2017年3月11日 10:32
２０１７年３月１８日,,,,2017年3月18日 12:01,2017年3月18日 16:58
２０１７年３月２4日,,,,2017年3月23日 0:51,2017年3月25日 0:01
２０１７年３月２５日,,,,2017年3月25日 0:04,2017年3月26日 0:54
２０１７年３月２8日,,,,2017年3月27日 0:03,2017年3月28日 21:21
２０１７年４月末振り込み,https://mail.google.com/mail/u/0/?tab=wm#inbox/14db72fe5493578d,,,2017年3月31日 17:23,2017年4月30日 17:24
２０１７年４月０2日,,,,2017年4月1日 12:00,2017年4月2日 19:47
２０１７年４月０９日,,,,2017年4月9日 11:27,2017年4月10日 1:21
２０１７年４月１１日,,,,2017年4月10日 22:31,2017年4月11日 22:24
２０１７年４月１２日,,,,2017年4月11日 23:05,2017年4月13日 8:50
２０１７年４月１４日,,,,2017年4月14日 1:04,2017年4月15日 0:53
２０１７年４月１６日,,,,2017年4月16日 13:37,2017年4月17日 10:28
２０１７年４月１７日,,,,2017年4月17日 10:28,2017年4月18日 1:48
２０１７年４月１８日,,,,2017年4月18日 1:48,2017年4月19日 0:59
坂田さん,,,,2017年4月22日 16:05,2017年4月22日 17:35
２０１７年４月２３日,,,,2017年4月23日 11:08,2017年4月23日 16:57
２０１７年５月１０日,,,,2017年5月6日 8:29,2017年5月10日 21:08
２０１７年５月７日,,,,2017年5月7日 13:12,2017年5月7日 16:38
２０１７年５月１１日,,,,2017年5月11日 14:12,2017年5月12日 17:21
２０１７年５月１7日,,,,2017年5月15日 10:41,2017年5月17日 14:15
２０１７年５月２４日,,,,2017年5月18日 9:40,2017年5月25日 18:11
ノート,,,,2017年5月22日 13:48,2017年5月22日 15:12
２０１７年５月２８日,,,,2017年5月28日 13:35,2017年6月1日 9:12
２０１７年６月６日,,,,2017年6月1日 10:57,2017年6月7日 18:00
Facebook、Instageam,,,,2017年6月13日 16:23,2018年3月5日 8:26
成功のために今のベスト,,,,2017年6月15日 9:09,2017年6月15日 18:52
２０１７年６月１７日,,,,2017年6月17日 16:41,2017年6月17日 20:04
おしゃれメガネ,,,,2017年6月25日 18:37,2017年6月25日 18:50
GACKT（ガクト）マレーシア家　移住,,,,2017年6月28日 23:31,2017年6月28日 23:31
今やるべきこと,,,,2017年6月29日 12:34,2017年6月29日 13:10
2017年6月29日 今日やるべき事,,,,2017年6月29日 15:54,2017年6月29日 19:42
2017年７月７日 今日やるべき事,,,,2017年7月6日 10:43,2017年7月7日 16:44
2017年７月 ９日 今日やるべき事,,,,2017年7月9日 9:38,2017年7月9日 12:41
2017年７月 １０日 今日やるべき事,,,,2017年7月10日 10:14,2017年7月10日 23:09
2017年７月 １２日 今日やるべき事,,,,2017年7月11日 19:35,2017年7月12日 19:18
2017年７月 １３日 今日やるべき事,,,,2017年7月13日 8:47,2017年7月13日 16:50
2017年７月 １５日 今日やるべき事,,,,2017年7月15日 0:44,2017年7月17日 19:17
2017年７月 １７日 今日やるべき事,,,,2017年7月17日 12:57,2017年7月17日 23:24
2017年７月 １９日 今日やるべき事,,,,2017年7月19日 2:08,2017年7月20日 16:10
2017年７月 ２０日 今日やるべき事,,,,2017年7月20日 8:11,2017年7月21日 0:52
2017年７月 ２２日 今日やるべき事,,,,2017年7月22日 9:30,2017年7月24日 19:45
2017年７月 ２５日 今日やるべき事,,,,2017年7月25日 9:18,2017年7月28日 14:11
２０１６年０７月末振り込み,https://mail.google.com/mail/u/0/?tab=wm#inbox/14db72fe5493578d,,,2017年7月28日 10:01,2017年7月28日 10:48
2017年８月 １０日 今日やるべき事,,,,2017年8月9日 22:26,2017年8月11日 7:49
2017年８月 １１日 今日やるべき事,,,,2017年8月11日 7:49,2017年8月12日 9:53
2017年８月 １３日 今日やるべき事,,,,2017年8月13日 8:56,2017年8月22日 13:45
2017年８月 １４日 今日やるべき事,,,,2017年8月14日 9:17,2017年8月22日 13:45
2017年８月１６日 今日やるべき事,,,,2017年8月16日 9:35,2017年8月22日 13:46
2017年８月２２日 今日やるべき事,,,,2017年8月21日 9:54,2017年8月22日 14:37
2017年８月２８日 今日やるべき事,,,,2017年8月28日 10:04,2017年8月28日 17:38
2017年9月２日 今日やるべき事,,,,2017年9月2日 12:19,2017年9月2日 17:35
2017年9月４日 今日やるべき事,,,,2017年9月4日 17:24,2017年9月4日 19:55
2017年9月６日 今日やるべき事,,,,2017年9月7日 8:20,2017年9月7日 8:22
2017年9月１０日 今日やるべき事,,,,2017年9月10日 10:03,2017年9月10日 16:07
2017年9月１１日 今日やるべき事,,,,2017年9月11日 11:52,2017年9月11日 15:27
2017年9月１８日 今日やるべき事,,,,2017年9月18日 11:11,2017年9月18日 11:55
2017年9月２２日 今日やるべき事,,,,2017年9月22日 17:46,2017年9月22日 18:49
2017年9月２３日 今日やるべき事,,,,2017年9月23日 12:10,2017年9月23日 12:11
2017年9月２４日 今日やるべき事,,,,2017年9月24日 10:48,2017年9月24日 15:41
2017年9月２８日 今日やるべき事,,,,2017年9月28日 13:42,2017年9月28日 18:39
2017年9月２９日 今日やるべき事,,,,2017年9月29日 14:39,2017年9月29日 16:47
2017年9月３０日 今日やるべき事,,,,2017年9月30日 12:50,2017年9月30日 17:18
2017年１０月３日 今日やるべき事,,,,2017年10月3日 9:53,2017年10月3日 20:32
2017年１０月５日 今日やるべき事,,,,2017年10月5日 8:03,2017年10月6日 0:10
2017年１０月６日 今日やるべき事,,,,2017年10月6日 8:40,2017年10月6日 18:22
2017年１０月７日 今日やるべき事,,,,2017年10月7日 9:52,2017年10月7日 19:30
2017年１０月８日 今日やるべき事,,,,2017年10月8日 14:55,2017年10月8日 14:58
2017年１０月１０日 今日やるべき事,,,,2017年10月10日 13:09,2017年10月10日 18:47
2017年１０月１３日 今日やるべき事,,,,2017年10月13日 12:56,2017年10月13日 17:12
2017年１０月１５日 今日やるべき事,,,,2017年10月15日 11:19,2017年10月15日 16:06
2017年１０月１６日 今日やるべき事,,,,2017年10月16日 9:28,2017年10月16日 17:18
2017年１０月１８日 今日やるべき事,,,,2017年10月18日 9:20,2017年10月18日 18:41
スプーン曲げは危険,,,,2017年10月18日 22:32,2017年10月19日 14:28
ひーと潜在意識シークレットに参加するために,,,,2017年10月20日 10:47,2017年10月20日 11:19
神王の儀式,,,,2017年10月20日 11:16,2017年10月20日 11:17
2017年１０月２１日 今日やるべき事,,,,2017年10月21日 17:11,2017年10月21日 18:01
2017年１０月２３日 今日やるべき事,,,,2017年10月23日 13:11,2017年10月23日 17:45
2017年１０月２5日 今日やるべき事,,,,2017年10月25日 8:31,2017年10月26日 0:38
２０１７年１０月末振り込み,https://mail.google.com/mail/u/0/?tab=wm#inbox/14db72fe5493578d,,,2017年10月26日 19:37,2017年10月26日 19:46
2017年１０月２７日 今日やるべき事,,,,2017年10月26日 19:40,2017年10月27日 23:44
「世界に友だちができれば、世界は平和になる」中東ユーザーに人気の友だちアプリ「Taptrip」3年越しで150万ダウンロード到達できた理由。,http://appmarketinglabo.net/taptrip/,,,2017年10月27日 19:00,2017年10月27日 19:00
2017年１０月２９日 今日やるべき事,,,,2017年10月29日 8:53,2017年10月29日 22:27
2017年１１月０１日 今日やるべき事,,,,2017年11月1日 11:40,2017年11月1日 20:34
2017年１１月０4日 今日やるべき事,,,,2017年11月3日 9:54,2017年11月4日 20:21
2017年１１月０５日 今日やるべき事,,,,2017年11月5日 8:38,2017年11月5日 20:53
2017年１１月０６日 今日やるべき事,,,,2017年11月6日 11:08,2017年11月6日 17:15
2017年１１月０７日 今日やるべき事,,,,2017年11月6日 21:26,2017年11月7日 20:41
2017年１１月１０日 今日やるべき事,,,,2017年11月10日 12:55,2017年11月10日 19:23
2017年１１月１２日 今日やるべき事,,,,2017年11月12日 8:15,2017年11月12日 15:53
2017年１１月１５日 今日やるべき事,,,,2017年11月15日 8:29,2017年11月15日 18:55
常滑のやきもの散歩道　コース地図　マップ　MAP,http://www.tokoname-kankou.net/contents/img-parking/parkingsanpo.pdf,"マップ, 地図, 常滑, 散歩, 観光",,2017年11月16日 21:15,2017年11月20日 20:06
２０１７年１２月２日　今の優先順位,,,,2017年12月2日 19:29,2017年12月2日 20:15
2017年１２月３日 今日やるべき事,,,,2017年12月3日 10:07,2017年12月3日 19:03
2017年１２月５日 今日やるべき事,,,,2017年12月5日 11:39,2017年12月5日 20:06
2017年１２月7日 今日やるべき事,,,,2017年12月6日 9:39,2017年12月7日 14:47
2017年１２月８日 今日やるべき事,,,,2017年12月8日 8:23,2017年12月8日 16:26
2017年１２月９日 今日やるべき事,,,,2017年12月9日 11:31,2017年12月9日 15:34
2017年１２月１２日 今日やるべき事,,,,2017年12月12日 10:38,2017年12月12日 11:04
2017年１２月１３日 今日やるべき事,,,,2017年12月13日 11:03,2017年12月13日 19:43
2017年１２月１4日 今日やるべき事,,,,2017年12月14日 9:21,2017年12月14日 16:27
2017年１２月１５日 今日やるべき事,,,,2017年12月15日 12:44,2017年12月15日 16:07
2017年１２月１６日 今日やるべき事,,,,2017年12月16日 11:34,2017年12月16日 11:36
2017年１２月１８日 今日やるべき事,,,,2017年12月18日 9:30,2017年12月19日 15:39
２０１７年１２月２０日　今の優先順位,,,,2017年12月20日 10:27,2017年12月20日 11:10
2017年１２月２１日 今日やるべき事,,,,2017年12月21日 8:47,2017年12月21日 8:48
２０１７年１２月２２日　今の優先順位,,,,2017年12月22日 10:54,2017年12月22日 11:28
2017年１２月２３日 今日やるべき事,,,,2017年12月23日 8:49,2017年12月23日 12:37
２０１７年１２月２７日　今の優先順位,,,,2017年12月27日 16:57,2017年12月27日 17:00
2017年１２月２９日 今日やるべき事,,,,2017年12月29日 15:03,2017年12月29日 15:04
2017年１月１３日 今日やるべき事,,,,2018年1月13日 11:40,2018年1月13日 11:43
2017年１月１４日 今日やるべき事,,,,2018年1月14日 12:01,2018年1月14日 16:13
2017年１月２９日 今日やるべき事,,,,2018年1月22日 9:10,2018年1月29日 13:07
ダイナモ – ウェルスダイナミクス｜一般社団法人 日本適性力学協会公式サイト,http://jwda.org/kani/dynamo/,,,2018年2月5日 17:39,2018年2月5日 17:39
2017年２月１５日 今日やるべき事,,,,2018年2月6日 8:27,2018年2月16日 12:09
年収２億、夢を生きる幸せなお金持ちへ！　昼は投資家、夜はミュージシャン！　神王リョウ・オフィシャルブログ:■　【スタッフ募集】　神王ＴＶなどの「動画編集」と「企画＆構成作家」を募集します！　神王リョウやナナフシと、一緒に夢を追いませんか！？,http://blog.ryo-kamio.com/archives/52046744.html,"動画, 募集, 神王, 編集",,2018年2月6日 15:45,2018年2月6日 15:45
Amepressアメプレス,http://amepress.net/,,,2018年2月15日 16:12,2018年2月15日 16:12
２０１８年２月末振り込み,https://mail.google.com/mail/u/0/?tab=wm#inbox/14db72fe5493578d,,,2018年2月21日 13:35,2018年2月21日 13:36
２０１８年３月末振り込み,https://mail.google.com/mail/u/0/?tab=wm#inbox/14db72fe5493578d,,,2018年3月1日 16:44,2018年3月5日 10:19
動画　投稿スケジュール,,,,2018年3月7日 16:43,2018年4月26日 0:42
2017年３月１０日 今日やるべき事,,,,2018年3月10日 17:38,2018年3月10日 17:44
2017年３月１１日 今日やるべき事,,,,2018年3月11日 10:55,2018年3月11日 10:57
2017年３月１９日 今日やるべき事,,,,2018年3月19日 8:19,2018年3月19日 8:41
2017年３月２０日 今日やるべき事,,,,2018年3月20日 9:38,2018年3月20日 23:43
2017年３月２２日 今日やるべき事,,,,2018年3月22日 8:41,2018年3月22日 22:48
2017年３月２３日 今日やるべき事,,,,2018年3月23日 13:10,2018年3月24日 0:17
2017年３月２６日 今日やるべき事,,,,2018年3月26日 16:34,2018年3月27日 0:16
２０１８年３月末振り込み,https://mail.google.com/mail/u/0/?tab=wm#inbox/14db72fe5493578d,,,2018年3月28日 19:22,2018年3月28日 19:23
モチベーションを高める 7 つの方法,https://blog.evernote.com/jp/2018/03/08/58617,,,2018年3月29日 8:39,2018年3月29日 8:39
2017年３月３１日 今日やるべき事,,,,2018年3月31日 12:56,2018年3月31日 23:58
2017年４月１日 今日やるべき事,,,,2018年3月31日 23:54,2018年4月1日 23:30
2017年４月２日 今日やるべき事,,,,2018年4月2日 8:40,2018年4月3日 8:59
2017年４月４日 今日やるべき事,,,,2018年4月4日 0:37,2018年4月4日 23:42
2017年４月５日 今日やるべき事,,,,2018年4月4日 23:40,2018年4月6日 10:19
2017年４月６日 今日やるべき事,,,,2018年4月6日 0:23,2018年4月7日 10:55
2017年４月７日 今日やるべき事,,,,2018年4月7日 10:55,2018年4月7日 14:58
2017年４月８日 今日やるべき事,,,,2018年4月8日 9:29,2018年4月9日 0:41
2017年４月１３日 今日やるべき事,,,,2018年4月12日 23:39,2018年4月14日 0:18
2017年４月１７日 今日やるべき事,,,,2018年4月17日 0:01,2018年4月17日 23:38
川本さんがVRでSCANをする,,,,2018年4月18日 10:18,2018年4月18日 10:20
ECAを非営利に変えて非課税に,,,,2018年4月18日 10:46,2018年4月18日 10:47
写真,,Scannable,,2018年4月18日 10:57,2018年4月18日 10:57
企業のコミニティーを作りそこにECAがメンタルヘルスする,,,,2018年4月18日 11:03,2018年4月18日 11:03
起業家のコミニティーを作る,,,,2018年4月18日 11:03,2018年4月18日 11:04
グループコンサルを調べる,,,,2018年4月19日 13:57,2018年4月19日 13:58
2017年４月２０日 今日やるべき事,,,,2018年4月20日 13:39,2018年4月21日 12:18
2017年４月２２日 今日やるべき事,,,,2018年4月22日 7:09,2018年4月23日 0:47
2017年４月２４日 今日やるべき事,,,,2018年4月24日 1:45,2018年4月24日 22:36
2017年４月２６日 今日やるべき事,,,,2018年4月26日 0:42,2018年4月27日 7:56
2017年４月30日 今日やるべき事,,,,2018年4月29日 0:57,2018年4月30日 21:49
2017年５月１日 今日やるべき事,,,,2018年5月1日 7:06,2018年5月2日 1:03
2017年５月４日 今日やるべき事,,,,2018年5月3日 10:14,2018年5月4日 13:21
2017年５月7日 今日やるべき事,,,,2018年5月6日 14:10,2018年5月8日 0:04
201８年５月１１日 今日やるべき事,,,,2018年5月11日 8:34,2018年5月11日 17:47
201８年５月１７日 今日やるべき事,,,,2018年5月17日 12:00,2018年5月17日 23:43
201８年６月３日 今日やるべき事,,,,2018年6月3日 10:12,2018年6月3日 23:32
2018 6/7 スケジュール,,,,2018年6月6日 23:33,2018年6月7日 11:35
2018 6/12 スケジュール,,,,2018年6月12日 0:19,2018年6月12日 10:30
2018 6/1５ スケジュール,,,,2018年6月15日 11:08,2018年6月15日 13:03
2018 6/19 スケジュール,,,,2018年6月17日 9:13,2018年6月19日 10:58
2018 6/26 スケジュール,,,,2018年6月17日 9:13,2018年6月26日 13:41
2018 7/12 スケジュール,,,,2018年6月17日 9:13,2018年7月12日 11:46
2018 6/23 スケジュール,,,,2018年6月17日 9:13,2018年6月23日 13:05
2018 6/25 スケジュール,,,,2018年6月17日 9:13,2018年6月25日 16:05
2018 7/30 スケジュール,,,,2018年6月17日 9:13,2018年10月8日 17:56
2018 7/10 スケジュール,,,,2018年6月17日 9:13,2018年7月10日 19:07
ウイスキー会、,,,,2018年7月5日 20:57,2018年7月6日 18:55
ウイスキー会、鈴木さん、自分の紹介,,,,2018年7月6日 19:10,2018年7月7日 11:38
わかりやすいIT導入補助金の紹介 | 中小企業のIT経営マガジン COMPASS,https://www.compass-it.jp/pickup/2494,"助成金, 補助金",,2018年7月9日 12:44,2018年7月9日 12:44
神田さん講座,,,,2018年8月18日 7:44,2018年8月18日 7:44
2020年12月末の振込,,,,2018年10月4日 8:34,2020年12月23日 9:46
2019年2月14日 TODO・メモ,,,,2018年10月4日 8:34,2019年2月14日 9:51
2020年3月末の振込,,,,2018年10月4日 8:34,2020年3月31日 9:47
2020年11月末の振込,,,,2018年10月4日 8:34,2020年11月25日 18:03
2019年2月15日 TODO・メモ,,,,2018年10月4日 8:34,2019年2月15日 14:39
2020年7月末の振込,,,,2018年10月4日 8:34,2020年7月31日 9:31
２０１８年１０月１５日やること,,,,2018年10月4日 8:34,2018年10月15日 10:28
2019年2月9日 TODO・メモ,,,,2018年10月4日 8:34,2019年2月9日 14:24
2020年6月末の振込,,,,2018年10月4日 8:34,2020年6月30日 12:51
2019年2月15日 TODO・メモ,,,,2018年10月4日 8:34,2019年2月15日 14:39
２０１９年１月２日,,"レッカー, 中古車, 廃車, 栗本商店, 買い取り",,2018年10月4日 8:34,2019年1月3日 18:51
2019年1月31日  末の振込,,,,2018年10月4日 8:34,2019年1月31日 10:48
2019年1月31日  末の振込,,,,2018年10月4日 8:34,2019年1月31日 10:48
2019年８月末の振込,,,,2018年10月4日 8:34,2019年8月30日 10:07
2020年１月末の振込,,,,2018年10月4日 8:34,2020年1月30日 11:48
2019年12月末の振込,,,,2018年10月4日 8:34,2019年12月30日 12:15
2020年8月末の振込,,,,2018年10月4日 8:34,2020年8月31日 9:26
2019年1月20日,,,,2018年10月4日 8:34,2019年1月20日 14:31
2019年12月末の振込,,,,2018年10月4日 8:34,2019年12月30日 12:15
ひー朝の打ち合わせ　２０１８年１１月１８日,,,,2018年11月18日 7:10,2018年11月18日 11:17
Amazon.co.jp： PQFYDS GPS スマートウォッチ Zeblaze Thor 4 PRO 4G スマートウォッチ 1.6インチクリスタルディスプレイ GPS/GLONASS クアッドコア 16GB ROM 5.0MP カメラ Nano SIM対応 Android/iOS対応 ブラウン: スポーツ&アウトドア,https://www.amazon.co.jp/PQFYDS-%E3%82%B9%E3%83%9E%E3%83%BC%E3%83%88%E3%82%A6%E3%82%A9%E3%83%83%E3%83%81-Zeblaze-1-6%E3%82%A4%E3%83%B3%E3%83%81%E3%82%AF%E3%83%AA%E3%82%B9%E3%82%BF%E3%83%AB%E3%83%87%E3%82%A3%E3%82%B9%E3%83%97%E3%83%AC%E3%82%A4-GLONASS/dp/B07L6LM9RB,スマートウォッチ,,2019年2月1日 17:14,2019年2月1日 17:14
2019年3月18日　やるコト,,,,2019年3月17日 9:37,2019年3月18日 15:23
2019年4月4日　やるコト,,,,2019年3月17日 9:37,2019年4月4日 11:58
2019年3月27日　やるコト,,,,2019年3月17日 9:37,2019年3月27日 11:08
2019年3月22日　やるコト,,,,2019年3月17日 9:37,2019年3月22日 23:26
ホットぺでリサーチ,,,,2019年4月15日 13:59,2019年4月15日 14:18
Senghorn 情報とスケジュール,,,,2019年4月20日 19:15,2019年4月21日 9:34
２０１９年７月３１日,,,,2019年4月29日 7:55,2019年7月31日 9:46
２０１９年６月１７日,,,,2019年4月29日 7:55,2019年6月17日 17:47
Amazon.co.jp: こちらもどうぞ: 広告なのにシェアされるコンテンツマーケティング入門,https://www.amazon.co.jp/gp/offer-listing/4883353087/ref=tmm_other_meta_binding_used_olp_sr?ie=UTF8&condition=used&qid=&sr=,"SNS, 広告, 本",,2019年4月30日 21:35,2019年4月30日 21:35
GMOクリック証券｜口座開設｜入力内容の確認,https://sec-sso.click-sec.com/join/fxOnlyProspectiveConfirm.do,"FX, GMO, 登録",,2019年5月5日 10:53,2019年5月5日 10:53
２０１９年８月２４日,,,,2019年8月25日 8:01,2019年8月25日 9:20
２０１９年１０月２３日　やること、予定まとめ,,,,2019年8月25日 8:01,2019年10月23日 14:18
２０１９年９月２０日　手作り石鹸,,,,2019年8月25日 8:01,2019年9月21日 0:19
２０１９年１０月１4日　やること、予定まとめ,,,,2019年8月25日 8:01,2019年10月14日 16:32
２０１９年１０月１３日　やること、予定まとめ,,,,2019年8月25日 8:01,2019年10月14日 10:17
ひー打ち合わせ,,,,2020年2月1日 14:16,2020年2月1日 15:08
コロナの連絡事項,,,,2020年3月22日 13:57,2020年3月22日 17:46
憧れの国際線ファーストクラスに 驚きの格安運賃で乗る裏技とは？ | たかせ藍沙のファーストクラスで世界一周,https://crea.bunshun.jp/articles/-/8000,"お得, ファーストクラス, 航空券",,2020年4月21日 22:17,2020年4月21日 22:17
2020年05月07日　買うもの,,,,2020年5月7日 8:19,2020年5月7日 9:43
Scannable の文書,,Scannable,,2020年6月21日 16:03,2020年6月21日 16:03
鯛,,,,2020年12月11日 17:31,2020年12月11日 17:32
ヤフオク,,,2021年3月3日 23:30 (JST),2021年3月3日 10:17,2021年3月3日 10:17
ドライブ情報　山へ,,,,2021年3月23日 13:43,2021年3月23日 13:45
ドライブ情報　食事,,,,2021年3月23日 13:58,2021年3月23日 14:01
ひー母 相続　おばさんへの印籠,,,,2021年10月9日 13:22,2021年10月9日 14:09
２０１４年10月１４日　やること,file:///,,,1969年12月28日 20:47,2014年10月14日 17:42
２０１2年2月2４日やることリスト,http://eow.alc.co.jp/%e9%9b%bb%e8%a9%b1/UTF-8/,,,2012年2月24日 10:17,2012年2月24日 21:41
２０１2年2月2７日やることリスト,http://eow.alc.co.jp/%e9%9b%bb%e8%a9%b1/UTF-8/,,,2012年2月26日 17:57,2012年2月26日 17:58
２０１2年3月４日やることリスト,http://eow.alc.co.jp/%e9%9b%bb%e8%a9%b1/UTF-8/,,,2012年3月4日 13:38,2012年3月4日 17:12
２０１2年3月10日やることリスト,http://eow.alc.co.jp/%e9%9b%bb%e8%a9%b1/UTF-8/,,,2012年3月12日 10:43,2012年3月12日 11:13
２０１2年3月1６日やることリスト,http://eow.alc.co.jp/%e9%9b%bb%e8%a9%b1/UTF-8/,,,2012年3月16日 20:11,2012年3月16日 20:12
２０１2年3月1９日やることリスト,http://eow.alc.co.jp/%e9%9b%bb%e8%a9%b1/UTF-8/,,,2012年3月17日 11:03,2012年3月19日 11:13
２０１2年3月2１日やることリスト,http://eow.alc.co.jp/%e9%9b%bb%e8%a9%b1/UTF-8/,,,2012年3月20日 9:15,2012年3月22日 9:25
２０１2年3月20日やることリスト,http://eow.alc.co.jp/%e9%9b%bb%e8%a9%b1/UTF-8/,,,2012年3月20日 9:16,2012年3月21日 10:05
２０１2年3月24日やることリスト,http://eow.alc.co.jp/%e9%9b%bb%e8%a9%b1/UTF-8/,,,2012年3月25日 9:07,2012年3月25日 9:07
２０１2年3月28日やることリスト,http://eow.alc.co.jp/%e9%9b%bb%e8%a9%b1/UTF-8/,,,2012年3月27日 9:16,2012年3月28日 23:22
２０１2年４月３日やることリスト,http://eow.alc.co.jp/%e9%9b%bb%e8%a9%b1/UTF-8/,,,2012年4月2日 21:35,2012年4月4日 8:06
２０１2年４月１9日やることリスト,http://eow.alc.co.jp/%e9%9b%bb%e8%a9%b1/UTF-8/,,,2012年4月19日 9:05,2012年4月19日 9:06
２０１2年5月１０日やることリスト,http://eow.alc.co.jp/%e9%9b%bb%e8%a9%b1/UTF-8/,,,2012年5月11日 16:26,2012年5月11日 21:46
２０１2年5月１7日やることリスト,,,,2012年5月16日 14:36,2012年5月18日 9:43
２０１2年６月４日やることリスト,,,,2012年6月4日 12:52,2012年6月4日 22:45
２０１2年６月４日やることリスト,,,,2012年6月5日 13:05,2012年6月5日 13:05
２０１2年６月10 日やることリスト,,,,2012年6月10日 13:02,2012年6月10日 19:37
２０１2年６月26 日やることリスト,https://users.minim.jp/panel/contract.php,,,2012年6月18日 17:05,2012年6月26日 18:22
２０１2年７月6日やることリスト,https://users.minim.jp/panel/contract.php,,,2012年7月5日 15:11,2012年7月10日 17:26
２０１2年７月2７日やることリスト,https://users.minim.jp/panel/contract.php,,,2012年7月27日 13:35,2012年7月27日 14:23
２０１2年８月２１日やることリスト,https://users.minim.jp/panel/contract.php,,,2012年8月8日 19:54,2012年8月24日 14:35
２０１2年９月２７日やることリスト,https://users.minim.jp/panel/contract.php,,,2012年9月27日 8:47,2012年9月27日 16:45
２０１2年１０月９日やることリスト,https://users.minim.jp/panel/contract.php,,,2012年10月2日 8:27,2012年10月15日 9:10
2012年 10月２４日やること,http://www.nicovideo.jp/watch/sm16982843,,,2012年10月23日 18:57,2012年10月25日 22:49
2012年 10月２５日やること,http://www.nicovideo.jp/watch/sm16982843,,,2012年10月26日 10:54,2012年10月26日 14:23
201３年 ２月５日やること,http://www.nicovideo.jp/watch/sm16982843,,,2013年2月4日 12:03,2013年2月24日 1:00
201３年 ４月２５日やること,http://www.nicovideo.jp/watch/sm16982843,,,2013年5月4日 12:27,2013年5月4日 12:27
201３年 ５月１０日やること,http://www.nicovideo.jp/watch/sm16982843,,,2013年5月10日 14:52,2013年5月11日 1:32
201３年 ６月２日やること,http://www.nicovideo.jp/watch/sm16982843,,,2013年6月2日 17:05,2013年6月13日 19:17
２０１３年７月１５日　やること,file:///,,,2013年7月15日 11:52,2013年7月19日 11:26
２０１３年７月１９日　やること,file:///,,,2013年7月19日 11:28,2013年7月19日 12:48
２０１３年９月1０日　やること,file:///,,,2013年9月14日 10:43,2013年9月14日 10:43
２０１３年１０月２１日　やること,http://sunnysh.xsrv.jp/PlanMailReg,,,2013年10月24日 15:04,2013年10月24日 15:04
２０１３年１０月２６日　やること,http://sunnysh.xsrv.jp/PlanMailReg,,,2013年10月25日 10:25,2013年10月31日 16:58
２０１３年１2月5日　やること,http://sunnysh.xsrv.jp/PlanMailReg,,,2013年11月28日 9:51,2013年12月12日 18:18
２０１３年１2月１６日　やること,http://sunnysh.xsrv.jp/PlanMailReg,,,2013年12月16日 9:56,2013年12月23日 16:42
２０１４年１月１５日　やること,http://sunnysh.xsrv.jp/PlanMailReg,,,2014年1月14日 9:40,2014年1月19日 18:53
ノート,,,,2014年2月5日 10:51,2014年2月5日 10:51
２０１４年2月１０日　やること,,,,2014年2月10日 10:35,2014年2月10日 15:51
２０１４年2月１１日　やること,,,,2014年2月16日 11:56,2014年2月16日 11:56
２０１４年2月１９日　やること,,,,2014年2月19日 10:52,2014年2月20日 11:50
２０１４年３月４日　やること,http://ja.wikipedia.org/wiki/%E3%83%87%E3%82%A3%E3%83%AC%E3%82%AF%E3%82%BF%E3%83%BC,,,2014年3月4日 19:43,2014年3月5日 15:10
２０１４年７月１日　やること,http://www.iryou-kiki.net/info/uf_760ag_paolus.html,,,2014年6月30日 8:57,2014年7月6日 13:02
２０１４年７月１３日　やること,http://www.iryou-kiki.net/info/uf_760ag_paolus.html,,,2014年7月15日 20:35,2014年7月15日 20:35
２０１４年9月1日　やること,http://www.iryou-kiki.net/info/uf_760ag_paolus.html,,,2014年9月4日 7:14,2014年9月4日 7:14
２０１４年9月２０日　やること,http://www.iryou-kiki.net/info/uf_760ag_paolus.html,,,2014年9月9日 16:17,2014年9月22日 12:50
２０１４年9月1６日　やること,http://www.iryou-kiki.net/info/uf_760ag_paolus.html,,,2014年9月9日 16:17,2014年9月16日 11:10
２０１４年10月２日　やること,http://www.iryou-kiki.net/info/uf_760ag_paolus.html,,,2014年9月30日 15:31,2014年10月3日 13:54
ノート,,,,2014年10月12日 11:40,2014年10月13日 14:29
２０１４年10月１７日　やること,file:///,,,2014年10月18日 11:01,2014年10月18日 11:01
２０１４年10月２０日　やること,file:///,,,2014年10月22日 15:00,2014年10月22日 15:00
２０１４年1１月６日　やること,file:///,,,2014年11月7日 8:36,2014年11月7日 8:36
２０１４年1１月１２日　やること,file:///,,,2014年11月10日 14:06,2014年11月21日 19:04
鈴木さん25日の質問事項,,,,2014年11月21日 11:22,2014年11月21日 12:30
事業趣旨,http://zero-ene.jp/zeb26/index.html,,,2014年11月23日 18:27,2014年11月23日 18:32
治療院さん修正,,,,2014年11月30日 11:46,2014年11月30日 17:26
２０１４年12月５日　やること,file:///,,,2014年12月4日 12:18,2014年12月5日 13:47
ノート,,,,2014年12月17日 13:50,2014年12月17日 15:20
２０１４年12月22日　やること,file:///,,,2014年12月25日 17:57,2014年12月25日 17:57
会計ソフト,,,,2015年1月6日 12:49,2015年1月6日 12:53
2015年１月２５日,,,,2015年1月25日 13:55,2015年1月25日 14:54
振り込み,https://secure.sakura.ad.jp/menu/bill/index.php?,,,2015年1月29日 10:15,2015年1月29日 10:27
2015年１月３０日,,,,2015年1月31日 15:14,2015年1月31日 15:14
2015年２月1８日,,,,2015年3月1日 15:33,2015年3月1日 15:33
３月末振り込み,,,,2015年3月2日 11:24,2015年3月5日 11:37
2015年3月10日,,,,2015年3月16日 17:59,2015年3月16日 17:59
ひー支払,,,,2015年3月21日 3:57,2015年3月22日 20:15
★サンライト・シールドパンフ印刷費,,,,2015年4月23日 10:58,2015年4月23日 11:01
楽天市場、Amazon、Yahoo!ショッピングでの集客について。,,,,2015年5月16日 16:12,2015年5月16日 17:41
環境系、情報,,,,2015年5月19日 10:22,2015年5月19日 10:22
新和薬品株式会社,,,,2015年5月21日 12:35,2015年5月21日 12:35
起業ネタ ひとり広告代理店やれば？ - YouTube,https://www.google.co.jp/webhp?sourceid=chrome-instant&rlz=1C1SKPL_enJP431&ion=1&espv=2&ie=UTF-8#q=%E8%B5%B7%E6%A5%AD%20youtube,,,2015年5月26日 8:32,2015年5月26日 8:32
ブログネタ,,,,2015年6月7日 12:10,2015年6月7日 12:20
"購入ポイント数 5,000 pt",https://osaipo.jp/conpane/charge/conveni/,,,2015年6月8日 11:08,2015年6月8日 11:08
2015年6月25日,,,,2015年6月25日 18:24,2015年6月25日 18:25
カクテル,,,,2015年6月29日 17:32,2015年6月29日 17:33
サンライト,,,,2015年6月29日 17:36,2015年6月30日 20:37
無題,,,,2015年6月30日 10:09,2015年6月30日 10:09
無題,,,,2015年7月12日 11:38,2015年7月12日 11:38
美ら接骨院さん提案,,,,2015年7月17日 18:33,2015年7月31日 17:46
２０１５年７月末振り込み,https://mail.google.com/mail/u/0/?tab=wm#inbox/14db72fe5493578d,,,2015年7月30日 13:05,2015年7月30日 13:10
パーソナルブランディング,,,,2015年8月7日 16:06,2015年8月7日 16:07
２０１５年８月２９日　川本さん　打ち合わせ,,,,2015年8月29日 13:33,2015年8月29日 15:18
2015年８月３１日,,,,2015年8月31日 6:55,2015年8月31日 8:32
無題,,,,2015年9月3日 16:03,2015年9月3日 16:06
無題,,,,2015年9月9日 16:28,2015年9月9日 16:28
ブログねた,,,,2015年9月11日 8:37,2015年9月12日 12:33
福山接骨院 東海市,,,,2015年10月2日 21:05,2015年10月2日 21:07
引越一番さんYouTubeのENのご提案,,,,2015年10月7日 17:37,2015年10月8日 18:44
商工会ポスター,,,,2015年10月26日 17:14,2015年10月27日 16:27
２０１５年１０月末振り込み,https://mail.google.com/mail/u/0/?tab=wm#inbox/14db72fe5493578d,,,2015年10月30日 14:35,2015年10月30日 14:37
モノコン,,,,2015年11月2日 19:04,2015年11月2日 20:28
インク振り込み,,,,2015年12月16日 8:12,2015年12月18日 9:37
２０１５年１２月１９日　やること　＆　メモ　＆　ブログアイデア,,,,2015年12月18日 11:15,2015年12月20日 16:37
マーケティングで大切なこと,,,,2016年1月14日 13:02,2016年1月16日 1:11
YouTube動画の内容　画像ボタンの設置,,,,2016年2月1日 14:39,2016年2月1日 15:39
２０１６年　２月　１２日　川本さん打ち合わせ,,,,2016年2月12日 14:42,2016年2月13日 9:00
サンライト　パンフメールしたやつ,,,,2016年2月15日 21:22,2016年2月15日 21:22
ベイングローリー,,,,2016年2月22日 16:00,2016年2月22日 16:00
２０１６年０２月末振り込み,https://mail.google.com/mail/u/0/?tab=wm#inbox/14db72fe5493578d,,,2016年2月23日 14:22,2016年2月28日 15:58
無題,,,,2016年3月23日 16:25,2016年3月23日 16:25
2016年3月29日今日やること,,,,2016年3月29日 10:41,2016年3月29日 12:17
２０１６年０４月末振り込み,https://mail.google.com/mail/u/0/?tab=wm#inbox/14db72fe5493578d,,,2016年4月4日 12:40,2016年4月28日 16:20
2016年4月６日今日やること,,,,2016年4月4日 13:11,2016年4月6日 15:26
長さんへメール,,,,2016年4月6日 23:51,2016年4月7日 7:57
川本さん教材,,,,2016年4月16日 10:26,2016年4月16日 10:27
ペイパル,,,,2016年4月17日 15:20,2016年4月17日 15:20
無題,,,,2016年4月17日 17:22,2016年4月17日 19:16
2016年4月24日　今日やること,,,,2016年4月24日 17:12,2016年4月24日 17:22
オセロの指導,,,,2016年5月2日 12:35,2016年5月2日 12:35
ノート2016年5月9日,,,,2016年5月9日 10:42,2016年5月10日 10:11
２０１６年６月１日,,,,2016年6月1日 10:32,2016年6月1日 10:35
小松　請求内容,,,,2016年6月25日 13:33,2016年6月25日 13:52
サンライトの更新　デモ　施工　レクチャー,,,,2016年8月2日 10:46,2016年8月2日 10:47
iPhoneグッズ,,,,2016年8月2日 20:28,2016年8月2日 20:29
２０１７年８月２２日　やること,,,,2016年8月22日 10:49,2016年8月22日 13:19
２０１７年８月２３日　やること,,,,2016年8月24日 11:26,2016年8月24日 18:55
２０１７年８月２４日　やること,,,,2016年8月25日 11:48,2016年8月25日 11:50
松村 周作さん,,,,2016年8月29日 16:05,2016年8月29日 16:06
やな（けんちゃん、ケンちゃん、柳田）の家、がんちゃんの家,,,,2016年9月22日 13:36,2016年9月22日 13:39
ニコス,,,,2016年10月3日 16:51,2016年10月3日 16:51
簡単プロジェクションマッピング,,,,2016年11月11日 19:56,2016年11月11日 19:57
ブルーWPテンプレート,,,,2016年11月14日 21:03,2016年11月14日 21:03
美らさん修正,,,,2016年12月9日 15:28,2016年12月9日 15:31
桃源庵さん　院長,,,,2017年1月12日 20:50,2017年1月12日 20:50
セールスレター,,,,2017年1月18日 13:50,2017年1月18日 13:50
２０１７年2月末振り込み,https://mail.google.com/mail/u/0/?tab=wm#inbox/14db72fe5493578d,,,2017年2月3日 14:00,2017年2月3日 14:01
２０１７年２月５日,,,,2017年2月5日 10:10,2017年2月5日 23:45
ノート,,,,2017年2月6日 23:48,2017年2月6日 23:52
２０１７年　２月２７日,,,,2017年2月27日 12:32,2017年3月4日 11:27
２０１７年３月１１日,,,,2017年3月12日 11:36,2017年3月12日 12:03
２０１７年３月２3日,,,,2017年3月23日 0:51,2017年3月23日 23:50
２０１７年３月２7日,,,,2017年3月27日 0:03,2017年3月28日 9:49
２０１７年４月０８日,,,,2017年4月8日 11:31,2017年4月9日 11:27
２０１７年４月１５日,,,,2017年4月15日 0:54,2017年4月16日 13:37
２０１７年４月２０日,,,,2017年4月20日 2:31,2017年4月20日 18:42
２０１７年４月２１日,,,,2017年4月21日 10:47,2017年4月22日 14:09
２０１７年４月２６日,,,,2017年4月26日 15:22,2017年4月26日 19:38
２０１７年５月５日,,,,2017年5月4日 18:43,2017年5月6日 8:30
２０１７年５月２５日,,,,2017年5月25日 18:12,2017年5月26日 15:53
毎日を楽しく仕事をするために,,,,2017年6月15日 10:13,2017年6月15日 10:15
メモ　MGCサザンクロス,,,,2017年6月26日 13:42,2017年6月26日 13:57
グエンさん航空チケット,,,,2017年7月8日 16:12,2017年7月9日 10:25
2017年７月 ２７日 今日やるべき事,,,,2017年7月27日 9:07,2017年7月28日 14:11
2017年７月 ３１日 今日やるべき事,,,,2017年7月31日 11:15,2017年7月31日 18:13
効率よく成長、前進するための,,,,2017年8月3日 10:55,2017年8月3日 11:50
2017年８月 ６日 今日やるべき事,,,,2017年8月6日 8:46,2017年8月7日 20:41
2017年８月１５日 今日やるべき事,,,,2017年8月15日 8:01,2017年8月22日 13:46
2017年８月１９日 今日やるべき事,,,,2017年8月19日 9:46,2017年8月22日 13:47
2017年８月２１日 今日やるべき事,,,,2017年8月21日 9:54,2017年8月22日 13:48
2017年８月２４日 今日やるべき事,,,,2017年8月24日 8:55,2017年8月24日 19:23
２０１６年０８月末振り込み,https://mail.google.com/mail/u/0/?tab=wm#inbox/14db72fe5493578d,,,2017年8月24日 12:02,2017年8月31日 9:28
2017年８月２９日 今日やるべき事,,,,2017年8月29日 9:49,2017年8月29日 21:13
2017年８月３０日 今日やるべき事,,,,2017年8月30日 11:46,2017年8月30日 20:27
2017年9月１日 今日やるべき事,,,,2017年9月1日 12:15,2017年9月1日 13:01
2017年9月５日 今日やるべき事,,,,2017年9月5日 10:18,2017年9月5日 23:15
2017年9月１２日 今日やるべき事,,,,2017年9月12日 15:55,2017年9月12日 16:16
2017年9月１９日 今日やるべき事,,,,2017年9月19日 10:50,2017年9月20日 0:23
2017年9月２０日 今日やるべき事,,,,2017年9月20日 8:28,2017年9月21日 0:12
2017年１０月４日 今日やるべき事,,,,2017年10月4日 10:19,2017年10月5日 0:13
2017年１０月６日 今日やるべき事,,,,2017年10月6日 0:08,2017年10月6日 0:09
2017年１０月９日 今日やるべき事,,,,2017年10月9日 10:03,2017年10月9日 18:24
2017年１０月１１日 今日やるべき事,,,,2017年10月11日 11:05,2017年10月11日 23:40
２０１７年１０月１１日　今やるべき４％,,,,2017年10月11日 11:26,2017年10月11日 11:47
2017年１０月１2日 今日やるべき事,,,,2017年10月11日 17:37,2017年10月12日 17:24
2017年１０月１４日 今日やるべき事,,,,2017年10月14日 9:55,2017年10月14日 16:39
2017年１０月２8日 今日やるべき事,,,,2017年10月26日 19:40,2017年10月29日 8:52
2017年１１月０９日 今日やるべき事,,,,2017年11月9日 10:06,2017年11月9日 19:35
2017年１１月１４日 今日やるべき事,,,,2017年11月14日 7:50,2017年11月14日 13:48
2017年１１月２２日 今日やるべき事,,,,2017年11月22日 11:37,2017年11月22日 19:26
2017年１１月２７日 今日やるべき事,,,,2017年11月27日 9:03,2017年11月27日 11:47
２０１７年１１月２９日　今の優先順位,,,,2017年11月28日 17:03,2017年11月29日 13:27
2017年１１月３０日 今日やるべき事,,,,2017年11月30日 13:00,2017年11月30日 13:57
2017年１２月６日 今日やるべき事,,,,2017年12月6日 9:39,2017年12月6日 9:39
2017年１２月２4日 今日やるべき事,,,,2017年12月24日 8:47,2017年12月24日 9:10
2017年１２月２5日 今日やるべき事,,,,2017年12月25日 8:34,2017年12月25日 15:42
2017年１２月２７日 今日やるべき事,,,,2017年12月27日 14:04,2017年12月27日 22:13
2017年１月４日 今日やるべき事,,,,2018年1月4日 11:54,2018年1月4日 11:55
Premiere Pro プロジェクトパネルでのアセットの整理,https://helpx.adobe.com/jp/premiere-pro/using/organizing-assets-project-panel.html,,,2018年1月11日 19:28,2018年1月11日 19:28
散髪,,"カット, サイヤ人, 散髪",,2018年3月6日 18:50,2018年3月6日 18:50
2017年３月１７日 今日やるべき事,,,,2018年3月17日 10:16,2018年3月17日 10:17
2017年３月１８日 今日やるべき事,,,,2018年3月18日 8:50,2018年3月18日 19:25
2017年３月２１日 今日やるべき事,,,,2018年3月21日 9:04,2018年3月21日 23:26
2017年３月２３日 今日やるべき事,,,,2018年3月24日 11:23,2018年3月25日 1:01
2017年４月１０日 今日やるべき事,,,,2018年4月9日 23:07,2018年4月11日 0:46
2017年４月１６日 今日やるべき事,,,,2018年4月16日 0:53,2018年4月16日 23:42
JICAからお金をもらって世界のうつを減らす,,,,2018年4月18日 10:34,2018年4月18日 10:35
2017年４月２１日 今日やるべき事,,,,2018年4月21日 12:18,2018年4月21日 20:08
ホテルの詳細,,,,2018年5月3日 16:38,2018年5月3日 16:38
2017年５月６日 今日やるべき事,,,,2018年5月6日 14:10,2018年5月6日 20:24
201８年５月１５日 今日やるべき事,,,,2018年5月15日 0:14,2018年5月15日 18:53
201８年６月４日 今日やるべき事,,,,2018年6月3日 23:32,2018年6月4日 20:03
201８年６月５日 今日やるべき事,,,,2018年6月5日 8:27,2018年6月5日 9:20
2018 6/6 スケジュール,,,,2018年6月6日 0:22,2018年6月6日 16:44
2018 6/18 スケジュール,,,,2018年6月17日 9:13,2018年6月18日 10:30
2018 7/12 スケジュール,,,,2018年6月17日 9:13,2018年7月12日 11:46
2018 7/3 スケジュール,,,,2018年6月17日 9:13,2018年7月3日 9:47
2018 6/20 スケジュール,,,,2018年6月17日 9:13,2018年6月20日 10:19
リコー解約に向けて,,,,2018年8月1日 19:20,2018年8月7日 12:00
お金の引き寄せの一番に大切なコト,,,,2018年9月11日 14:50,2018年9月11日 15:44
やることリスト　２０１８年９月２２日,,,,2018年9月22日 16:23,2018年9月22日 16:42
2020年5月末の振込,,,,2018年10月4日 8:34,2020年5月29日 12:32
2019年3月末の振込,,,,2018年10月4日 8:34,2019年3月29日 9:02
2019年2月28日  末の振込,,,,2018年10月4日 8:34,2019年2月26日 9:51
2019年４月末の振込,,,,2018年10月4日 8:34,2019年4月27日 14:20
2019年9月末の振込,,,,2018年10月4日 8:34,2019年9月27日 15:42
２０１８年１１月２８日やること,,,,2018年10月4日 8:34,2018年12月4日 15:05
２０１８年１２月４日,,,,2018年10月4日 8:34,2019年1月6日 1:37
2020年4月末の振込,,,,2018年10月4日 8:34,2020年4月30日 15:32
2019年2月11日 TODO・メモ,,,,2018年10月4日 8:34,2019年2月11日 8:46
[1]Chatwork - MS,https://www.chatwork.com/#!rid27120177,,,2019年1月23日 16:24,2019年1月23日 16:24
コンブチャ,https://www.google.com/search?q=%E3%82%B3%E3%83%B3%E3%83%96%E3%83%81%E3%83%A3&oq=%E3%82%B3%E3%83%B3%E3%83%96%E3%83%81%E3%83%A3&aqs=chrome..69i57j0l5.703j1j7&sourceid=chrome&ie=UTF-8,"コンブチャ, ダイエット",,2019年1月30日 15:09,2019年1月30日 15:09
2019年3月29日　やるコト,,,,2019年3月17日 9:37,2019年3月29日 12:51
2019年4月7日,,,,2019年3月17日 9:37,2019年4月8日 12:13
2019年3月17日　やるコト,,,,2019年3月17日 9:37,2019年3月17日 9:48
US $5.6 48% OFF|Alibaba グループ | AliExpress.comの 財布 からの Rfid盗難を保護コインバッグジッパー男性財布有名なブランドメンズ財布男性マネー財布財布新しいデザイントップ男性財布 中の Rfid盗難を保護コインバッグジッパー男性財布有名なブランドメンズ財布男性マネー財布財布新しいデザイントップ男性財布,"https://ja.aliexpress.com/item/RFID-Theft-Protec-Coin-Bag-zipper-men-wallets-famous-brand-mens-wallet-male-money-purses-Wallets/32798643609.html?spm=a2g11.search0104.3.290.7b046c21z189KQ&ws_ab_test=searchweb0_0,searchweb201602_3_10065_10068_10890_319_10546_10059_10884_317_10548_10887_10696_321_322_10084_453_10083_454_10103_10618_10307_537_536_10902,searchweb201603_51,ppcSwitch_0&algo_expid=e6265224-f199-44c9-a064-5c3f491bb2f4-35&algo_pvid=e6265224-f199-44c9-a064-5c3f491bb2f4","盗難, 盗難防止, 財布",,2019年3月18日 11:08,2019年3月18日 11:08
5つくらいの通貨をみる,,,,2019年4月1日 13:12,2019年4月1日 13:33
２０１９年７月３０日,,,,2019年4月29日 7:55,2019年7月30日 15:30
２０１９年４月２９日　バス,,,,2019年4月29日 7:55,2019年4月29日 8:01
２０１９年１０月３日　予定まとめ,,,,2019年8月25日 8:01,2019年10月3日 10:19
２０１９年１０月１８日　やること、予定まとめ,,,,2019年8月25日 8:01,2019年10月18日 18:39
２０１９年１０月２１日　やること、予定まとめ,,,,2019年8月25日 8:01,2019年10月21日 15:29
２０１９年１０月１８日　やること、予定まとめ,,,,2019年8月25日 8:01,2019年10月18日 18:39
２０１９年９月３０日　予定まとめ,,,,2019年8月25日 8:01,2019年9月30日 9:04
２０１９年１０月１１日　やること、予定まとめ,,,,2019年8月25日 8:01,2019年10月11日 16:10
２０１９年１０月１６日　やること、予定まとめ,,,,2019年8月25日 8:01,2019年10月16日 11:48
品田さんPC、こず税務について,,,,2020年1月20日 14:32,2020年1月20日 14:32
