名前,URL,タグ,作成日時,更新されました
見積りメモ,https://www.graphic.jp/shop/orderHistory.php,エコ,2012年1月23日 17:43,2015年11月13日 11:10
MGC 浦島さん見積り、仕様書,,,2012年5月27日 21:35,2017年10月28日 16:00
引越一番さん見積り,http://www.graphic.jp/price/1717_7/,,2012年12月17日 14:59,2016年9月20日 14:30
古賀さん 名刺,http://www.graphic.jp/price/1_7_2/100_5?page=decideOption,,2013年5月13日 9:48,2014年4月7日 19:30
プリズムさん　SEO対策　提案見積り,,,2013年5月19日 18:23,2013年5月19日 18:23
伊藤亮　オルガノコーヒー,file:///,,2013年6月9日 11:51,2013年9月3日 17:01
LD2さん、阿部さん見積り,,,2013年6月25日 14:10,2016年1月14日 15:26
サンライトシールド様,,,2013年8月13日 17:42,2014年8月17日 23:33
フェイスフルさん見積り,,,2013年8月29日 20:45,2014年8月20日 17:43
★A3両面カラーフライヤー,,,2013年11月21日 15:50,2013年11月21日 16:02
別院見積り,,,2013年11月28日 9:45,2020年3月27日 13:55
古賀さん実績冊子,,,2014年1月27日 10:49,2014年1月27日 11:08
サンライト・シールドさん見積り,https://www.graphic.jp/mypage/orderHistory.php,,2014年9月20日 15:27,2014年12月2日 8:04
自宅インクジェットプリント価格表,,,2014年10月31日 8:17,2014年10月31日 8:18
川本さん 請求,,,2016年11月11日 10:29,2023年5月15日 9:07
サンライトシールド　武藤さん、行木さん,,,2016年12月26日 17:35,2018年9月13日 14:58
ピントテニスクラブ,,,2017年1月7日 13:42,2024年8月22日 14:06
石原接骨院,,,2017年4月20日 10:44,2018年8月7日 12:02
野々山さん名刺,,,2017年5月23日 13:17,2017年5月23日 14:51
山崎さん見積もり　ホームページリニューアル,,,2017年8月19日 12:45,2017年8月19日 12:46
そう吉さん、ボンファム、ツインセット,,,2017年8月25日 17:34,2018年2月25日 19:24
荒石,,,2017年9月21日 9:10,2017年9月21日 9:17
行木,,,2017年10月25日 14:53,2017年10月25日 14:53
アモスコム　羽多野さん　クリエイト,,"アモスコム, クリエイト, 羽多野さん, 見積もり",2017年11月10日 15:20,2017年12月13日 9:47
２０１７年度　確定申告書類　へテムル、ムームードメイン,,,2018年3月13日 14:19,2018年3月13日 14:22
柳田F,,,2018年3月14日 11:32,2018年3月14日 11:34
見積もり,,,2018年4月28日 8:07,2018年4月28日 11:54
毎年、同じ月に請求するモノ 2023年,,,2018年5月8日 13:45,2023年6月29日 11:16
毎年、同じ月に請求するモノ,,,2018年5月8日 13:45,2022年6月1日 16:22
料金表,,,2019年1月19日 11:10,2019年2月15日 12:52
パッケージ印刷の注文画面_オプション選択｜印刷通販【デジタ】,https://www.digitaprint.jp/package_option.php?id=130017,"パッケージ, 川本さん",2019年1月27日 14:10,2020年4月19日 16:27
川本さんカード見積もり,,,2019年1月30日 14:49,2019年1月30日 14:56
ケースのサイズと見積もり,,,2019年2月11日 12:11,2019年2月11日 12:13
タロットカード印刷会社、カード+ケース見積もり,,,2019年2月11日 13:13,2021年2月2日 15:43
37　見積もり,,,2019年2月15日 8:42,2019年2月15日 13:28
山崎サン見積もり,,,2019年2月19日 17:07,2019年2月19日 17:08
２０１７年度　確定申告書類,https://www.graphic.jp/mypage/order/history/detail?date_start=2018%2F01%2F01&date_end=2018%2F12%2F31,"印刷費, 確定申告",2019年3月13日 11:58,2019年3月13日 19:16
松井さん　エンジェルリリース　見積もり,,,2019年8月1日 19:44,2019年8月20日 15:55
MGCさん見積もり,,,2020年2月7日 19:32,2020年2月7日 19:39
久米さん：メモ　仕事の料金累積と、支払い分の残金について,,,2020年3月26日 17:55,2020年12月14日 14:12
YouTube　森本さん、吉本さん、支払いメモ,,,2020年6月24日 12:02,2022年3月14日 13:17
SUNNYSH価格表,,,2020年11月24日 14:41,2020年11月24日 14:44
スクリーン（品田さん）発注内容,,,2020年11月24日 14:47,2020年11月24日 15:07
久米さんへの請求とコンサル費用,,,2020年12月14日 13:59,2021年2月14日 16:14
毎年　カード 引き落とし,,,2021年1月31日 9:09,2021年1月31日 9:26
春日井市　税金 2021年3月26日　電話,,,2021年3月26日 14:37,2022年4月26日 17:19
振り込み先　一覧,,,2021年5月25日 13:35,2021年5月25日 13:36
毎月、同じ請求をするもの,,,2021年10月29日 16:24,2021年10月29日 16:46
リコー、あかいわ接骨院 請求,,,2021年11月1日 12:04,2021年11月16日 12:53
山崎さんプランについて,,,2022年5月11日 15:12,2022年5月11日 15:13
山崎さん　見積もり関連,,,2023年1月24日 13:52,2023年1月24日 14:04
