名前,タグ,Category,書類制作日付,URL,クライアント,テキスト,プロジェクト,備考,実施予定日,"日付 ",重要度
"新規名刺デザイン,ora",,work notes,2025年4月7日 15:34,,川本さん (%E5%B7%9D%E6%9C%AC%E3%81%95%E3%82%93%201598e921c5e149dba0e59df7bbb35b44.md),,川本さん新規名刺 (../DB_%E3%83%97%E3%83%AD%E3%82%B8%E3%82%A7%E3%82%AF%E3%83%88/%E5%B7%9D%E6%9C%AC%E3%81%95%E3%82%93%E6%96%B0%E8%A6%8F%E5%90%8D%E5%88%BA%201ce5cc0e3e5080e1b6b8f175408d45c0.md),,,,★★★
ハレちゃん修正,"work notes, 情報",work notes,2025年1月15日 15:30,,川本さん (%E5%B7%9D%E6%9C%AC%E3%81%95%E3%82%93%201598e921c5e149dba0e59df7bbb35b44.md),,こころの相談室HARUプロジェクト (../DB_%E3%83%97%E3%83%AD%E3%82%B8%E3%82%A7%E3%82%AF%E3%83%88/%E3%81%93%E3%81%93%E3%82%8D%E3%81%AE%E7%9B%B8%E8%AB%87%E5%AE%A4HARU%E3%83%97%E3%83%AD%E3%82%B8%E3%82%A7%E3%82%AF%E3%83%88%201755cc0e3e508068b2d5fbfbf8b9eff8.md),,,2025/01/15,
ちいかわとサンリオキャラクターのイメージ比較,,,2025年1月10日 18:01,,川本さん (%E5%B7%9D%E6%9C%AC%E3%81%95%E3%82%93%201598e921c5e149dba0e59df7bbb35b44.md),,こころの相談室HARUプロジェクト (../DB_%E3%83%97%E3%83%AD%E3%82%B8%E3%82%A7%E3%82%AF%E3%83%88/%E3%81%93%E3%81%93%E3%82%8D%E3%81%AE%E7%9B%B8%E8%AB%87%E5%AE%A4HARU%E3%83%97%E3%83%AD%E3%82%B8%E3%82%A7%E3%82%AF%E3%83%88%201755cc0e3e508068b2d5fbfbf8b9eff8.md),,,,
手伝うことのモヤりの分析と改善,,,2025年1月9日 10:58,,川本さん (%E5%B7%9D%E6%9C%AC%E3%81%95%E3%82%93%201598e921c5e149dba0e59df7bbb35b44.md),,こころの相談室HARUプロジェクト (../DB_%E3%83%97%E3%83%AD%E3%82%B8%E3%82%A7%E3%82%AF%E3%83%88/%E3%81%93%E3%81%93%E3%82%8D%E3%81%AE%E7%9B%B8%E8%AB%87%E5%AE%A4HARU%E3%83%97%E3%83%AD%E3%82%B8%E3%82%A7%E3%82%AF%E3%83%88%201755cc0e3e508068b2d5fbfbf8b9eff8.md),,,,
名刺のキャッチコピー,,,2025年4月16日 1:08,,川本さん (%E5%B7%9D%E6%9C%AC%E3%81%95%E3%82%93%201598e921c5e149dba0e59df7bbb35b44.md),,川本さん新規名刺 (../DB_%E3%83%97%E3%83%AD%E3%82%B8%E3%82%A7%E3%82%AF%E3%83%88/%E5%B7%9D%E6%9C%AC%E3%81%95%E3%82%93%E6%96%B0%E8%A6%8F%E5%90%8D%E5%88%BA%201ce5cc0e3e5080e1b6b8f175408d45c0.md),,,,
プライク名刺　見積もり,"work notes, 情報",見積もり,2025年5月5日 17:37,,川本さん (%E5%B7%9D%E6%9C%AC%E3%81%95%E3%82%93%201598e921c5e149dba0e59df7bbb35b44.md),プライク名刺見積もり　銀箔押し / 白,川本さん新規名刺 (../DB_%E3%83%97%E3%83%AD%E3%82%B8%E3%82%A7%E3%82%AF%E3%83%88/%E5%B7%9D%E6%9C%AC%E3%81%95%E3%82%93%E6%96%B0%E8%A6%8F%E5%90%8D%E5%88%BA%201ce5cc0e3e5080e1b6b8f175408d45c0.md),,,,
2025年11月16日 ミーティング,,Meeting memo,2025年11月16日 14:43,,川本さん (%E5%B7%9D%E6%9C%AC%E3%81%95%E3%82%93%201598e921c5e149dba0e59df7bbb35b44.md),,川本さん開運・集客 プロジェクト (../DB_%E3%83%97%E3%83%AD%E3%82%B8%E3%82%A7%E3%82%AF%E3%83%88/%E5%B7%9D%E6%9C%AC%E3%81%95%E3%82%93%E9%96%8B%E9%81%8B%E3%83%BB%E9%9B%86%E5%AE%A2%20%E3%83%97%E3%83%AD%E3%82%B8%E3%82%A7%E3%82%AF%E3%83%88%202ad5cc0e3e5080afbd27cb84d619ef39.md),,,,
集客Gem作成アンケート,,work notes,2025年12月22日 12:15,,川本さん (%E5%B7%9D%E6%9C%AC%E3%81%95%E3%82%93%201598e921c5e149dba0e59df7bbb35b44.md),,川本さん開運・集客 プロジェクト (../DB_%E3%83%97%E3%83%AD%E3%82%B8%E3%82%A7%E3%82%AF%E3%83%88/%E5%B7%9D%E6%9C%AC%E3%81%95%E3%82%93%E9%96%8B%E9%81%8B%E3%83%BB%E9%9B%86%E5%AE%A2%20%E3%83%97%E3%83%AD%E3%82%B8%E3%82%A7%E3%82%AF%E3%83%88%202ad5cc0e3e5080afbd27cb84d619ef39.md),,,,
PROGRESS集客用 ペルソナ,"AI, work notes",work notes,2025年12月24日 14:19,,川本さん (%E5%B7%9D%E6%9C%AC%E3%81%95%E3%82%93%201598e921c5e149dba0e59df7bbb35b44.md),,川本さん開運・集客 プロジェクト (../DB_%E3%83%97%E3%83%AD%E3%82%B8%E3%82%A7%E3%82%AF%E3%83%88/%E5%B7%9D%E6%9C%AC%E3%81%95%E3%82%93%E9%96%8B%E9%81%8B%E3%83%BB%E9%9B%86%E5%AE%A2%20%E3%83%97%E3%83%AD%E3%82%B8%E3%82%A7%E3%82%AF%E3%83%88%202ad5cc0e3e5080afbd27cb84d619ef39.md),,,,
2025年12月29日ZOOM,meeting notes,Meeting memo,2025年12月29日 14:05,,川本さん (%E5%B7%9D%E6%9C%AC%E3%81%95%E3%82%93%201598e921c5e149dba0e59df7bbb35b44.md),,川本さん開運・集客 プロジェクト (../DB_%E3%83%97%E3%83%AD%E3%82%B8%E3%82%A7%E3%82%AF%E3%83%88/%E5%B7%9D%E6%9C%AC%E3%81%95%E3%82%93%E9%96%8B%E9%81%8B%E3%83%BB%E9%9B%86%E5%AE%A2%20%E3%83%97%E3%83%AD%E3%82%B8%E3%82%A7%E3%82%AF%E3%83%88%202ad5cc0e3e5080afbd27cb84d619ef39.md),,,,
ＤＲＳ集客用 Gem ペルソナ,"AI, work notes",work notes,2026年1月6日 11:23,,川本さん (%E5%B7%9D%E6%9C%AC%E3%81%95%E3%82%93%201598e921c5e149dba0e59df7bbb35b44.md),,川本さん開運・集客 プロジェクト (../DB_%E3%83%97%E3%83%AD%E3%82%B8%E3%82%A7%E3%82%AF%E3%83%88/%E5%B7%9D%E6%9C%AC%E3%81%95%E3%82%93%E9%96%8B%E9%81%8B%E3%83%BB%E9%9B%86%E5%AE%A2%20%E3%83%97%E3%83%AD%E3%82%B8%E3%82%A7%E3%82%AF%E3%83%88%202ad5cc0e3e5080afbd27cb84d619ef39.md),,,2026/01/06,
DRS集客用Gem 作成,"AI, プロンプト, マーケティング",,2026年1月6日 11:33,,川本さん (%E5%B7%9D%E6%9C%AC%E3%81%95%E3%82%93%201598e921c5e149dba0e59df7bbb35b44.md),,川本さん開運・集客 プロジェクト (../DB_%E3%83%97%E3%83%AD%E3%82%B8%E3%82%A7%E3%82%AF%E3%83%88/%E5%B7%9D%E6%9C%AC%E3%81%95%E3%82%93%E9%96%8B%E9%81%8B%E3%83%BB%E9%9B%86%E5%AE%A2%20%E3%83%97%E3%83%AD%E3%82%B8%E3%82%A7%E3%82%AF%E3%83%88%202ad5cc0e3e5080afbd27cb84d619ef39.md),,,2026/01/06,
AIによる、Gem作成の川本さんへのアンケート,"AI, マーケティング",,2026年1月6日 14:06,,川本さん (%E5%B7%9D%E6%9C%AC%E3%81%95%E3%82%93%201598e921c5e149dba0e59df7bbb35b44.md),,川本さん開運・集客 プロジェクト (../DB_%E3%83%97%E3%83%AD%E3%82%B8%E3%82%A7%E3%82%AF%E3%83%88/%E5%B7%9D%E6%9C%AC%E3%81%95%E3%82%93%E9%96%8B%E9%81%8B%E3%83%BB%E9%9B%86%E5%AE%A2%20%E3%83%97%E3%83%AD%E3%82%B8%E3%82%A7%E3%82%AF%E3%83%88%202ad5cc0e3e5080afbd27cb84d619ef39.md),,,2026/01/06,
2025年02月15日 MTG音声まとめ,"meeting notes, アイデア, 勉強会・講座, 戦略",Meeting memo,2026年2月14日 17:11,,川本さん (%E5%B7%9D%E6%9C%AC%E3%81%95%E3%82%93%201598e921c5e149dba0e59df7bbb35b44.md),,川本さん開運・集客 プロジェクト (../DB_%E3%83%97%E3%83%AD%E3%82%B8%E3%82%A7%E3%82%AF%E3%83%88/%E5%B7%9D%E6%9C%AC%E3%81%95%E3%82%93%E9%96%8B%E9%81%8B%E3%83%BB%E9%9B%86%E5%AE%A2%20%E3%83%97%E3%83%AD%E3%82%B8%E3%82%A7%E3%82%AF%E3%83%88%202ad5cc0e3e5080afbd27cb84d619ef39.md),,,2026/02/17,
川本さん専用 Gem精度アップアンケート,"アイデア, 勉強会・講座, 情報, 資料",,2026年2月14日 19:09,,川本さん (%E5%B7%9D%E6%9C%AC%E3%81%95%E3%82%93%201598e921c5e149dba0e59df7bbb35b44.md),,川本さん開運・集客 プロジェクト (../DB_%E3%83%97%E3%83%AD%E3%82%B8%E3%82%A7%E3%82%AF%E3%83%88/%E5%B7%9D%E6%9C%AC%E3%81%95%E3%82%93%E9%96%8B%E9%81%8B%E3%83%BB%E9%9B%86%E5%AE%A2%20%E3%83%97%E3%83%AD%E3%82%B8%E3%82%A7%E3%82%AF%E3%83%88%202ad5cc0e3e5080afbd27cb84d619ef39.md),,,2026/02/14,
"2025年02月15日 ミーティング ","meeting notes, アイデア, 勉強会・講座, 戦略",Meeting memo,2026年2月17日 2:19,,川本さん (%E5%B7%9D%E6%9C%AC%E3%81%95%E3%82%93%201598e921c5e149dba0e59df7bbb35b44.md),,川本さん開運・集客 プロジェクト (../DB_%E3%83%97%E3%83%AD%E3%82%B8%E3%82%A7%E3%82%AF%E3%83%88/%E5%B7%9D%E6%9C%AC%E3%81%95%E3%82%93%E9%96%8B%E9%81%8B%E3%83%BB%E9%9B%86%E5%AE%A2%20%E3%83%97%E3%83%AD%E3%82%B8%E3%82%A7%E3%82%AF%E3%83%88%202ad5cc0e3e5080afbd27cb84d619ef39.md),,,2026/02/15,
2025年02月21日 森本さんMTG,meeting notes,Meeting memo,2026年2月20日 20:05,,川本さん (%E5%B7%9D%E6%9C%AC%E3%81%95%E3%82%93%201598e921c5e149dba0e59df7bbb35b44.md),黒川ミスドでMTG,川本さん開運・集客 プロジェクト (../DB_%E3%83%97%E3%83%AD%E3%82%B8%E3%82%A7%E3%82%AF%E3%83%88/%E5%B7%9D%E6%9C%AC%E3%81%95%E3%82%93%E9%96%8B%E9%81%8B%E3%83%BB%E9%9B%86%E5%AE%A2%20%E3%83%97%E3%83%AD%E3%82%B8%E3%82%A7%E3%82%AF%E3%83%88%202ad5cc0e3e5080afbd27cb84d619ef39.md),,,2026/02/21,★
2025年02月25日 川本さんMTG,"meeting notes, アイデア, 勉強会・講座, 戦略",Meeting memo,2026年2月24日 9:50,,川本さん (%E5%B7%9D%E6%9C%AC%E3%81%95%E3%82%93%201598e921c5e149dba0e59df7bbb35b44.md),,川本さん開運・集客 プロジェクト (../DB_%E3%83%97%E3%83%AD%E3%82%B8%E3%82%A7%E3%82%AF%E3%83%88/%E5%B7%9D%E6%9C%AC%E3%81%95%E3%82%93%E9%96%8B%E9%81%8B%E3%83%BB%E9%9B%86%E5%AE%A2%20%E3%83%97%E3%83%AD%E3%82%B8%E3%82%A7%E3%82%AF%E3%83%88%202ad5cc0e3e5080afbd27cb84d619ef39.md),,,2026/02/25,
2025年02月26日森本さんMTG,meeting notes,Meeting memo,2026年2月26日 16:25,,川本さん (%E5%B7%9D%E6%9C%AC%E3%81%95%E3%82%93%201598e921c5e149dba0e59df7bbb35b44.md),TV電話でMTG,川本さん開運・集客 プロジェクト (../DB_%E3%83%97%E3%83%AD%E3%82%B8%E3%82%A7%E3%82%AF%E3%83%88/%E5%B7%9D%E6%9C%AC%E3%81%95%E3%82%93%E9%96%8B%E9%81%8B%E3%83%BB%E9%9B%86%E5%AE%A2%20%E3%83%97%E3%83%AD%E3%82%B8%E3%82%A7%E3%82%AF%E3%83%88%202ad5cc0e3e5080afbd27cb84d619ef39.md),,,2026/02/26,★
2025年03月03日 川本さんMTG,"meeting notes, アイデア, 勉強会・講座, 戦略",Meeting memo,2026年3月2日 14:33,,川本さん (%E5%B7%9D%E6%9C%AC%E3%81%95%E3%82%93%201598e921c5e149dba0e59df7bbb35b44.md),,川本さん開運・集客 プロジェクト (../DB_%E3%83%97%E3%83%AD%E3%82%B8%E3%82%A7%E3%82%AF%E3%83%88/%E5%B7%9D%E6%9C%AC%E3%81%95%E3%82%93%E9%96%8B%E9%81%8B%E3%83%BB%E9%9B%86%E5%AE%A2%20%E3%83%97%E3%83%AD%E3%82%B8%E3%82%A7%E3%82%AF%E3%83%88%202ad5cc0e3e5080afbd27cb84d619ef39.md),,,2026/03/02,
メルマガ解除について,"meeting notes, アイデア, 勉強会・講座, 戦略",Meeting memo,2026年3月2日 16:08,,川本さん (%E5%B7%9D%E6%9C%AC%E3%81%95%E3%82%93%201598e921c5e149dba0e59df7bbb35b44.md),,川本さん開運・集客 プロジェクト (../DB_%E3%83%97%E3%83%AD%E3%82%B8%E3%82%A7%E3%82%AF%E3%83%88/%E5%B7%9D%E6%9C%AC%E3%81%95%E3%82%93%E9%96%8B%E9%81%8B%E3%83%BB%E9%9B%86%E5%AE%A2%20%E3%83%97%E3%83%AD%E3%82%B8%E3%82%A7%E3%82%AF%E3%83%88%202ad5cc0e3e5080afbd27cb84d619ef39.md),,,2026/03/02,
オンラインコミュニティ構想,"meeting notes, マーケティング, 情報, 戦略, 資料",提案関連,2026年3月6日 19:08,,川本さん (%E5%B7%9D%E6%9C%AC%E3%81%95%E3%82%93%201598e921c5e149dba0e59df7bbb35b44.md),,川本さん開運・集客 プロジェクト (../DB_%E3%83%97%E3%83%AD%E3%82%B8%E3%82%A7%E3%82%AF%E3%83%88/%E5%B7%9D%E6%9C%AC%E3%81%95%E3%82%93%E9%96%8B%E9%81%8B%E3%83%BB%E9%9B%86%E5%AE%A2%20%E3%83%97%E3%83%AD%E3%82%B8%E3%82%A7%E3%82%AF%E3%83%88%202ad5cc0e3e5080afbd27cb84d619ef39.md),,,2026/03/06,★★
2025年03月25日 川本さんMTG,"meeting notes, アイデア, 勉強会・講座, 戦略",Meeting memo,2026年3月24日 19:58,,川本さん (%E5%B7%9D%E6%9C%AC%E3%81%95%E3%82%93%201598e921c5e149dba0e59df7bbb35b44.md),,川本さん開運・集客 プロジェクト (../DB_%E3%83%97%E3%83%AD%E3%82%B8%E3%82%A7%E3%82%AF%E3%83%88/%E5%B7%9D%E6%9C%AC%E3%81%95%E3%82%93%E9%96%8B%E9%81%8B%E3%83%BB%E9%9B%86%E5%AE%A2%20%E3%83%97%E3%83%AD%E3%82%B8%E3%82%A7%E3%82%AF%E3%83%88%202ad5cc0e3e5080afbd27cb84d619ef39.md),,,2026/03/25,
川本さんアンケート｜ブランディング,"meeting notes, アイデア, 勉強会・講座, 戦略",Meeting memo,2026年3月24日 20:37,,川本さん (%E5%B7%9D%E6%9C%AC%E3%81%95%E3%82%93%201598e921c5e149dba0e59df7bbb35b44.md),,川本さん開運・集客 プロジェクト (../DB_%E3%83%97%E3%83%AD%E3%82%B8%E3%82%A7%E3%82%AF%E3%83%88/%E5%B7%9D%E6%9C%AC%E3%81%95%E3%82%93%E9%96%8B%E9%81%8B%E3%83%BB%E9%9B%86%E5%AE%A2%20%E3%83%97%E3%83%AD%E3%82%B8%E3%82%A7%E3%82%AF%E3%83%88%202ad5cc0e3e5080afbd27cb84d619ef39.md),,,2026/03/25,
サロン・ブランディング提案,,,2026年3月30日 0:30,,川本さん (%E5%B7%9D%E6%9C%AC%E3%81%95%E3%82%93%201598e921c5e149dba0e59df7bbb35b44.md),Geminiのオンラインサロン集客とブランディング戦略で、進行中,川本さん開運・集客 プロジェクト (../DB_%E3%83%97%E3%83%AD%E3%82%B8%E3%82%A7%E3%82%AF%E3%83%88/%E5%B7%9D%E6%9C%AC%E3%81%95%E3%82%93%E9%96%8B%E9%81%8B%E3%83%BB%E9%9B%86%E5%AE%A2%20%E3%83%97%E3%83%AD%E3%82%B8%E3%82%A7%E3%82%AF%E3%83%88%202ad5cc0e3e5080afbd27cb84d619ef39.md),,,2026/03/30,
最初に：ミッションと方針について,"meeting notes, work notes",Meeting memo,2026年3月30日 12:29,,川本さん (%E5%B7%9D%E6%9C%AC%E3%81%95%E3%82%93%201598e921c5e149dba0e59df7bbb35b44.md),,川本さん開運・集客 プロジェクト (../DB_%E3%83%97%E3%83%AD%E3%82%B8%E3%82%A7%E3%82%AF%E3%83%88/%E5%B7%9D%E6%9C%AC%E3%81%95%E3%82%93%E9%96%8B%E9%81%8B%E3%83%BB%E9%9B%86%E5%AE%A2%20%E3%83%97%E3%83%AD%E3%82%B8%E3%82%A7%E3%82%AF%E3%83%88%202ad5cc0e3e5080afbd27cb84d619ef39.md),,,2026/03/31,
2025年04月07日 川本さんMTG,"meeting notes, アイデア, 勉強会・講座, 戦略",Meeting memo,2026年4月7日 0:44,,川本さん (%E5%B7%9D%E6%9C%AC%E3%81%95%E3%82%93%201598e921c5e149dba0e59df7bbb35b44.md),,川本さん開運・集客 プロジェクト (../DB_%E3%83%97%E3%83%AD%E3%82%B8%E3%82%A7%E3%82%AF%E3%83%88/%E5%B7%9D%E6%9C%AC%E3%81%95%E3%82%93%E9%96%8B%E9%81%8B%E3%83%BB%E9%9B%86%E5%AE%A2%20%E3%83%97%E3%83%AD%E3%82%B8%E3%82%A7%E3%82%AF%E3%83%88%202ad5cc0e3e5080afbd27cb84d619ef39.md),,,2026/04/07,
川本さん向け、ふくちゃんのコア・プラクティクス,,,2026年4月10日 1:10,,川本さん (%E5%B7%9D%E6%9C%AC%E3%81%95%E3%82%93%201598e921c5e149dba0e59df7bbb35b44.md),,川本さん開運・集客 プロジェクト (../DB_%E3%83%97%E3%83%AD%E3%82%B8%E3%82%A7%E3%82%AF%E3%83%88/%E5%B7%9D%E6%9C%AC%E3%81%95%E3%82%93%E9%96%8B%E9%81%8B%E3%83%BB%E9%9B%86%E5%AE%A2%20%E3%83%97%E3%83%AD%E3%82%B8%E3%82%A7%E3%82%AF%E3%83%88%202ad5cc0e3e5080afbd27cb84d619ef39.md),,,2026/04/09,
2025年04月14日 川本さんMTG,"meeting notes, アイデア, 勉強会・講座, 戦略",Meeting memo,2026年4月13日 9:56,,川本さん (%E5%B7%9D%E6%9C%AC%E3%81%95%E3%82%93%201598e921c5e149dba0e59df7bbb35b44.md),,川本さん開運・集客 プロジェクト (../DB_%E3%83%97%E3%83%AD%E3%82%B8%E3%82%A7%E3%82%AF%E3%83%88/%E5%B7%9D%E6%9C%AC%E3%81%95%E3%82%93%E9%96%8B%E9%81%8B%E3%83%BB%E9%9B%86%E5%AE%A2%20%E3%83%97%E3%83%AD%E3%82%B8%E3%82%A7%E3%82%AF%E3%83%88%202ad5cc0e3e5080afbd27cb84d619ef39.md),,,2026/04/14,
2025年04月21日 川本さんMTG,"meeting notes, アイデア, 勉強会・講座, 戦略",Meeting memo,2026年4月20日 23:46,,川本さん (%E5%B7%9D%E6%9C%AC%E3%81%95%E3%82%93%201598e921c5e149dba0e59df7bbb35b44.md),,川本さん開運・集客 プロジェクト (../DB_%E3%83%97%E3%83%AD%E3%82%B8%E3%82%A7%E3%82%AF%E3%83%88/%E5%B7%9D%E6%9C%AC%E3%81%95%E3%82%93%E9%96%8B%E9%81%8B%E3%83%BB%E9%9B%86%E5%AE%A2%20%E3%83%97%E3%83%AD%E3%82%B8%E3%82%A7%E3%82%AF%E3%83%88%202ad5cc0e3e5080afbd27cb84d619ef39.md),,,2026/04/21,
2025年04月28日 川本さんMTG,"meeting notes, アイデア, 勉強会・講座, 戦略",Meeting memo,2026年4月25日 11:12,,川本さん (%E5%B7%9D%E6%9C%AC%E3%81%95%E3%82%93%201598e921c5e149dba0e59df7bbb35b44.md),,川本さん開運・集客 プロジェクト (../DB_%E3%83%97%E3%83%AD%E3%82%B8%E3%82%A7%E3%82%AF%E3%83%88/%E5%B7%9D%E6%9C%AC%E3%81%95%E3%82%93%E9%96%8B%E9%81%8B%E3%83%BB%E9%9B%86%E5%AE%A2%20%E3%83%97%E3%83%AD%E3%82%B8%E3%82%A7%E3%82%AF%E3%83%88%202ad5cc0e3e5080afbd27cb84d619ef39.md),,,2026/04/28,
ウツ向けコーチングに、潜在意識の知識を生かし、経験不足を補う,,,2026年5月4日 0:57,,川本さん (%E5%B7%9D%E6%9C%AC%E3%81%95%E3%82%93%201598e921c5e149dba0e59df7bbb35b44.md),,川本さん開運・集客 プロジェクト (../DB_%E3%83%97%E3%83%AD%E3%82%B8%E3%82%A7%E3%82%AF%E3%83%88/%E5%B7%9D%E6%9C%AC%E3%81%95%E3%82%93%E9%96%8B%E9%81%8B%E3%83%BB%E9%9B%86%E5%AE%A2%20%E3%83%97%E3%83%AD%E3%82%B8%E3%82%A7%E3%82%AF%E3%83%88%202ad5cc0e3e5080afbd27cb84d619ef39.md),,,2026/04/09,
潜在意識と仲良くなるためのガイド： 「自己受容」と「自己肯定」の教科書,,,2026年5月4日 1:13,,川本さん (%E5%B7%9D%E6%9C%AC%E3%81%95%E3%82%93%201598e921c5e149dba0e59df7bbb35b44.md),,川本さん開運・集客 プロジェクト (../DB_%E3%83%97%E3%83%AD%E3%82%B8%E3%82%A7%E3%82%AF%E3%83%88/%E5%B7%9D%E6%9C%AC%E3%81%95%E3%82%93%E9%96%8B%E9%81%8B%E3%83%BB%E9%9B%86%E5%AE%A2%20%E3%83%97%E3%83%AD%E3%82%B8%E3%82%A7%E3%82%AF%E3%83%88%202ad5cc0e3e5080afbd27cb84d619ef39.md),,,2026/05/05,
雑談会に参加して・・ パワーアップ案,"アイデア, コンテンツネタ, マーケティング, 勉強会・講座, 気付き, 資料",,2026年5月4日 10:31,,川本さん (%E5%B7%9D%E6%9C%AC%E3%81%95%E3%82%93%201598e921c5e149dba0e59df7bbb35b44.md),,川本さん開運・集客 プロジェクト (../DB_%E3%83%97%E3%83%AD%E3%82%B8%E3%82%A7%E3%82%AF%E3%83%88/%E5%B7%9D%E6%9C%AC%E3%81%95%E3%82%93%E9%96%8B%E9%81%8B%E3%83%BB%E9%9B%86%E5%AE%A2%20%E3%83%97%E3%83%AD%E3%82%B8%E3%82%A7%E3%82%AF%E3%83%88%202ad5cc0e3e5080afbd27cb84d619ef39.md),,,2026/05/05,
2025年05月05日 川本さんMTG,"meeting notes, アイデア, 勉強会・講座, 戦略",Meeting memo,2026年5月4日 11:03,,川本さん (%E5%B7%9D%E6%9C%AC%E3%81%95%E3%82%93%201598e921c5e149dba0e59df7bbb35b44.md),,川本さん開運・集客 プロジェクト (../DB_%E3%83%97%E3%83%AD%E3%82%B8%E3%82%A7%E3%82%AF%E3%83%88/%E5%B7%9D%E6%9C%AC%E3%81%95%E3%82%93%E9%96%8B%E9%81%8B%E3%83%BB%E9%9B%86%E5%AE%A2%20%E3%83%97%E3%83%AD%E3%82%B8%E3%82%A7%E3%82%AF%E3%83%88%202ad5cc0e3e5080afbd27cb84d619ef39.md),,,2026/05/05,
2025年05月12日 川本さんMTG,"meeting notes, アイデア, 勉強会・講座, 戦略",Meeting memo,2026年5月7日 16:59,,川本さん (%E5%B7%9D%E6%9C%AC%E3%81%95%E3%82%93%201598e921c5e149dba0e59df7bbb35b44.md),,川本さん開運・集客 プロジェクト (../DB_%E3%83%97%E3%83%AD%E3%82%B8%E3%82%A7%E3%82%AF%E3%83%88/%E5%B7%9D%E6%9C%AC%E3%81%95%E3%82%93%E9%96%8B%E9%81%8B%E3%83%BB%E9%9B%86%E5%AE%A2%20%E3%83%97%E3%83%AD%E3%82%B8%E3%82%A7%E3%82%AF%E3%83%88%202ad5cc0e3e5080afbd27cb84d619ef39.md),,,2026/05/12,
完全な幸せへの3つのルート：実践・運用ガイド,,,2026年5月12日 8:47,,川本さん (%E5%B7%9D%E6%9C%AC%E3%81%95%E3%82%93%201598e921c5e149dba0e59df7bbb35b44.md),,川本さん開運・集客 プロジェクト (../DB_%E3%83%97%E3%83%AD%E3%82%B8%E3%82%A7%E3%82%AF%E3%83%88/%E5%B7%9D%E6%9C%AC%E3%81%95%E3%82%93%E9%96%8B%E9%81%8B%E3%83%BB%E9%9B%86%E5%AE%A2%20%E3%83%97%E3%83%AD%E3%82%B8%E3%82%A7%E3%82%AF%E3%83%88%202ad5cc0e3e5080afbd27cb84d619ef39.md),,,,
オンラインサロン始動に向けた相談会・募集ページ構成案,"HP, work notes, 勉強会・講座",提案関連,2026年5月12日 14:27,,川本さん (%E5%B7%9D%E6%9C%AC%E3%81%95%E3%82%93%201598e921c5e149dba0e59df7bbb35b44.md),,川本さん開運・集客 プロジェクト (../DB_%E3%83%97%E3%83%AD%E3%82%B8%E3%82%A7%E3%82%AF%E3%83%88/%E5%B7%9D%E6%9C%AC%E3%81%95%E3%82%93%E9%96%8B%E9%81%8B%E3%83%BB%E9%9B%86%E5%AE%A2%20%E3%83%97%E3%83%AD%E3%82%B8%E3%82%A7%E3%82%AF%E3%83%88%202ad5cc0e3e5080afbd27cb84d619ef39.md),,,2026/05/12,
2025年05月19日 川本さんMTG,"meeting notes, アイデア, 勉強会・講座, 戦略",Meeting memo,2026年5月14日 21:28,,川本さん (%E5%B7%9D%E6%9C%AC%E3%81%95%E3%82%93%201598e921c5e149dba0e59df7bbb35b44.md),,川本さん開運・集客 プロジェクト (../DB_%E3%83%97%E3%83%AD%E3%82%B8%E3%82%A7%E3%82%AF%E3%83%88/%E5%B7%9D%E6%9C%AC%E3%81%95%E3%82%93%E9%96%8B%E9%81%8B%E3%83%BB%E9%9B%86%E5%AE%A2%20%E3%83%97%E3%83%AD%E3%82%B8%E3%82%A7%E3%82%AF%E3%83%88%202ad5cc0e3e5080afbd27cb84d619ef39.md),,,2026/05/19,
森本さんへのXリサーチについてのメッセージ,"work notes, テスト, マーケティング, 戦略",,2026年5月17日 19:26,,川本さん (%E5%B7%9D%E6%9C%AC%E3%81%95%E3%82%93%201598e921c5e149dba0e59df7bbb35b44.md),,川本さん開運・集客 プロジェクト (../DB_%E3%83%97%E3%83%AD%E3%82%B8%E3%82%A7%E3%82%AF%E3%83%88/%E5%B7%9D%E6%9C%AC%E3%81%95%E3%82%93%E9%96%8B%E9%81%8B%E3%83%BB%E9%9B%86%E5%AE%A2%20%E3%83%97%E3%83%AD%E3%82%B8%E3%82%A7%E3%82%AF%E3%83%88%202ad5cc0e3e5080afbd27cb84d619ef39.md),,,2026/05/17,
オンラインサロン始動の相談会,"work notes, 勉強会・講座",提案関連,2026年5月20日 20:48,,川本さん (%E5%B7%9D%E6%9C%AC%E3%81%95%E3%82%93%201598e921c5e149dba0e59df7bbb35b44.md),,川本さん開運・集客 プロジェクト (../DB_%E3%83%97%E3%83%AD%E3%82%B8%E3%82%A7%E3%82%AF%E3%83%88/%E5%B7%9D%E6%9C%AC%E3%81%95%E3%82%93%E9%96%8B%E9%81%8B%E3%83%BB%E9%9B%86%E5%AE%A2%20%E3%83%97%E3%83%AD%E3%82%B8%E3%82%A7%E3%82%AF%E3%83%88%202ad5cc0e3e5080afbd27cb84d619ef39.md),,,2026/05/20,
本当の幸せと繋がる3つの未来ワーク,"勉強会・講座, 学び, 気付き, 資料",,2026年5月21日 12:59,,川本さん (%E5%B7%9D%E6%9C%AC%E3%81%95%E3%82%93%201598e921c5e149dba0e59df7bbb35b44.md),,川本さん開運・集客 プロジェクト (../DB_%E3%83%97%E3%83%AD%E3%82%B8%E3%82%A7%E3%82%AF%E3%83%88/%E5%B7%9D%E6%9C%AC%E3%81%95%E3%82%93%E9%96%8B%E9%81%8B%E3%83%BB%E9%9B%86%E5%AE%A2%20%E3%83%97%E3%83%AD%E3%82%B8%E3%82%A7%E3%82%AF%E3%83%88%202ad5cc0e3e5080afbd27cb84d619ef39.md),,,2026/05/21,
2025年06月02日 川本さんMTG,"meeting notes, アイデア, 勉強会・講座, 戦略",Meeting memo,2026年5月30日 11:11,,川本さん (%E5%B7%9D%E6%9C%AC%E3%81%95%E3%82%93%201598e921c5e149dba0e59df7bbb35b44.md),,川本さん開運・集客 プロジェクト (../DB_%E3%83%97%E3%83%AD%E3%82%B8%E3%82%A7%E3%82%AF%E3%83%88/%E5%B7%9D%E6%9C%AC%E3%81%95%E3%82%93%E9%96%8B%E9%81%8B%E3%83%BB%E9%9B%86%E5%AE%A2%20%E3%83%97%E3%83%AD%E3%82%B8%E3%82%A7%E3%82%AF%E3%83%88%202ad5cc0e3e5080afbd27cb84d619ef39.md),,,2026/06/02,
川本さん｜無意識・自己変革カルテ,"meeting notes, work notes, アイデア, テスト, 勉強会・講座, 情報, 気付き, 資料",Knowledge Base,2026年6月1日 10:53,,川本さん (%E5%B7%9D%E6%9C%AC%E3%81%95%E3%82%93%201598e921c5e149dba0e59df7bbb35b44.md),,川本さん開運・集客 プロジェクト (../DB_%E3%83%97%E3%83%AD%E3%82%B8%E3%82%A7%E3%82%AF%E3%83%88/%E5%B7%9D%E6%9C%AC%E3%81%95%E3%82%93%E9%96%8B%E9%81%8B%E3%83%BB%E9%9B%86%E5%AE%A2%20%E3%83%97%E3%83%AD%E3%82%B8%E3%82%A7%E3%82%AF%E3%83%88%202ad5cc0e3e5080afbd27cb84d619ef39.md),,,2026/06/01,
2025年06月09日 川本さんMTG,"meeting notes, アイデア, 勉強会・講座, 戦略",Meeting memo,2026年6月6日 14:42,,川本さん (%E5%B7%9D%E6%9C%AC%E3%81%95%E3%82%93%201598e921c5e149dba0e59df7bbb35b44.md),,川本さん開運・集客 プロジェクト (../DB_%E3%83%97%E3%83%AD%E3%82%B8%E3%82%A7%E3%82%AF%E3%83%88/%E5%B7%9D%E6%9C%AC%E3%81%95%E3%82%93%E9%96%8B%E9%81%8B%E3%83%BB%E9%9B%86%E5%AE%A2%20%E3%83%97%E3%83%AD%E3%82%B8%E3%82%A7%E3%82%AF%E3%83%88%202ad5cc0e3e5080afbd27cb84d619ef39.md),,,2026/06/09,
マイ取扱説明書,"アイデア, 気付き",Knowledge Base,2026年6月6日 23:29,,川本さん (%E5%B7%9D%E6%9C%AC%E3%81%95%E3%82%93%201598e921c5e149dba0e59df7bbb35b44.md),誰もが、自律的に、調和的に、ストレスなく、自分の良さを最大限に発揮して安心できる場所を作るための「トリセツ」,川本さん開運・集客 プロジェクト (../DB_%E3%83%97%E3%83%AD%E3%82%B8%E3%82%A7%E3%82%AF%E3%83%88/%E5%B7%9D%E6%9C%AC%E3%81%95%E3%82%93%E9%96%8B%E9%81%8B%E3%83%BB%E9%9B%86%E5%AE%A2%20%E3%83%97%E3%83%AD%E3%82%B8%E3%82%A7%E3%82%AF%E3%83%88%202ad5cc0e3e5080afbd27cb84d619ef39.md),,,2026/06/06,
🚀 【新時代型】サロン共同運営システム構築のご提案,,,2026年6月7日 11:09,,川本さん (%E5%B7%9D%E6%9C%AC%E3%81%95%E3%82%93%201598e921c5e149dba0e59df7bbb35b44.md),川本さんのミッションを、川本さんが疲弊することなく、最大化・現実化するための【自動循環型】の運営システムのご提案,川本さん開運・集客 プロジェクト (../DB_%E3%83%97%E3%83%AD%E3%82%B8%E3%82%A7%E3%82%AF%E3%83%88/%E5%B7%9D%E6%9C%AC%E3%81%95%E3%82%93%E9%96%8B%E9%81%8B%E3%83%BB%E9%9B%86%E5%AE%A2%20%E3%83%97%E3%83%AD%E3%82%B8%E3%82%A7%E3%82%AF%E3%83%88%202ad5cc0e3e5080afbd27cb84d619ef39.md),,,2026/06/07,
【自分用メモ】サロン経済圏・未来の拡張ロードマップ,"HP, Service, WP, work notes, アイデア, マーケティング, 勉強会・講座, 戦略, 資料",Knowledge Base,2026年6月7日 11:51,,川本さん (%E5%B7%9D%E6%9C%AC%E3%81%95%E3%82%93%201598e921c5e149dba0e59df7bbb35b44.md),川本さんのコミュニティーの次のフェーズの姿,川本さん開運・集客 プロジェクト (../DB_%E3%83%97%E3%83%AD%E3%82%B8%E3%82%A7%E3%82%AF%E3%83%88/%E5%B7%9D%E6%9C%AC%E3%81%95%E3%82%93%E9%96%8B%E9%81%8B%E3%83%BB%E9%9B%86%E5%AE%A2%20%E3%83%97%E3%83%AD%E3%82%B8%E3%82%A7%E3%82%AF%E3%83%88%202ad5cc0e3e5080afbd27cb84d619ef39.md),,,,
癒しの開運音声コンテンツ｜全体,,,2026年6月7日 12:37,,川本さん (%E5%B7%9D%E6%9C%AC%E3%81%95%E3%82%93%201598e921c5e149dba0e59df7bbb35b44.md),,川本さん開運・集客 プロジェクト (../DB_%E3%83%97%E3%83%AD%E3%82%B8%E3%82%A7%E3%82%AF%E3%83%88/%E5%B7%9D%E6%9C%AC%E3%81%95%E3%82%93%E9%96%8B%E9%81%8B%E3%83%BB%E9%9B%86%E5%AE%A2%20%E3%83%97%E3%83%AD%E3%82%B8%E3%82%A7%E3%82%AF%E3%83%88%202ad5cc0e3e5080afbd27cb84d619ef39.md),,,2026/06/07,
癒しの開運音声コンテンツ｜川本さん用,,,2026年6月8日 12:09,,川本さん (%E5%B7%9D%E6%9C%AC%E3%81%95%E3%82%93%201598e921c5e149dba0e59df7bbb35b44.md),,川本さん開運・集客 プロジェクト (../DB_%E3%83%97%E3%83%AD%E3%82%B8%E3%82%A7%E3%82%AF%E3%83%88/%E5%B7%9D%E6%9C%AC%E3%81%95%E3%82%93%E9%96%8B%E9%81%8B%E3%83%BB%E9%9B%86%E5%AE%A2%20%E3%83%97%E3%83%AD%E3%82%B8%E3%82%A7%E3%82%AF%E3%83%88%202ad5cc0e3e5080afbd27cb84d619ef39.md),,,2026/06/07,
