名前,投稿順,Category,タイトルテスト/ 要検,"日付 ",タイトル,YouTube記事 / 状態
韓国 - 2026-05-31 - 1st,1st,韓国,,2026/06/30,,Not     　Started
韓国 - 2026-06-15 - 1st,1st,韓国,要検証,2026/06/15,日本の要求まさか　巨大圏から干され　韓国利益完全消滅,動画生成済
韓国 - 2026-06-15 - 2nd,2nd,韓国,要検証,2026/06/15,世界から格下扱い　驚愕の拒否理由に　韓国民絶句,動画生成済
韓国 - 2026-06-15 - 1st,1st,韓国,,2026/06/15,,Not     　Started
韓国 - 2026-06-14 - 1st,1st,韓国,要検証,2026/06/14,IMFが冷酷宣告！　韓国の資金引揚げ　ついに全滅？,アップロード済
韓国 - 2026-06-14 - 2nd,2nd,韓国,要検証,2026/06/14,米に完全拒絶され　韓国巨額の金失い　まさかの展開,アップロード済
ア経済｜会員向け - 2026-06-14 - 会員向け,会員向け,ア経済｜会員向け,,2026/06/14,,Not     　Started
韓国 - 2026-06-13 - 1st,1st,韓国,要検証,2026/06/13,まさか宇宙株が　韓資金を全消滅　韓国民絶望！？,アップロード済
韓国 - 2026-06-13 - 2nd,2nd,韓国,要検証,2026/06/13,世界騒然　韓国が内戦か？　経済麻痺国家崩壊,アップロード済
韓国 - 2026-06-12 - 1st,1st,韓国,要検証：内容タイトルズレ,2026/06/12,韓国お金がない　世界中で契約破棄　まさか日英が,アップロード済
韓国 - 2026-06-12 - 2nd,2nd,韓国,要検証：内容タイトルズレ,2026/06/12,日本絶対助けるな　資産奪われ　韓国政府顔面蒼白,アップロード済
韓国 - 2026-06-11 - 1st,1st,韓国,,2026/06/11,なぜ？ウォン紙屑　経済金融崩壊へ　韓国事実認める　,アップロード済
韓国 - 2026-06-11 - 2nd,2nd,韓国,,2026/06/11,世界市場から夜逃　韓国泣きつく　完全に日本が,アップロード済
韓国 - 2026-06-10 - 1st,1st,韓国,,2026/06/10,韓国退場　世界が怒り心頭　もう手遅れ,アップロード済
韓国 - 2026-06-10 - 2nd,2nd,韓国,,2026/06/10,韓国、最悪の悲報　真実バレ崩壊　カウントダウン,アップロード済
韓国 - 2026-06-09 - 1st,1st,韓国,要検証,2026/06/09,極悪非道…　韓国ついに　世界から,アップロード済
韓国 - 2026-06-09 - 2nd,2nd,韓国,,2026/06/09,財産没収復旧不能　韓国腰抜かす　日本が完全無視,アップロード済
韓国 - 2026-06-08 - 1st,1st,韓国,,2026/06/08,日本が契約大儲け　愚かな韓国　無謀な抵抗,アップロード済
韓国 - 2026-06-08 - 2nd,2nd,韓国,,2026/06/08,韓国緊急事態　急変トリプル暴落　日本へSOS,アップロード済
ア経済｜会員向け - 2026-06-07 - 会員向け,会員向け,ア経済｜会員向け,,2026/06/07,激動時代の戦略！　65歳から輝く　男の品格・至高戦略,アップロード済
韓国 - 2026-06-07 - 1st,1st,韓国,,2026/06/07,腐った韓国へ　EU連合電撃発表　事実知り韓民悲鳴,アップロード済
韓国 - 2026-06-07 - 2nd,2nd,韓国,,2026/06/07,韓国銀行大失敗　24時間で終わり　またウォン暴落,アップロード済
韓国 - 2026-06-06 - 1st,1st,韓国,,2026/06/06,韓国未払い多発　契約破棄計画破綻　もう滅びる,アップロード済
韓国 - 2026-06-06 - 2nd,2nd,韓国,,2026/06/06,韓国は不要だ　今度は米軍が　まさか日本へ,アップロード済
韓国 - 2026-06-05 - 1st,1st,韓国,,2026/06/05,急遽契約中止　各国続々と　韓国経済に致命傷,アップロード済
韓国 - 2026-06-05 - 2nd,2nd,韓国,,2026/06/05,日本絶対助けるな　返済不能な負債　韓国全てが破綻,アップロード済
韓国 - 2026-06-04 - 1st,1st,韓国,,2026/06/04,急遽停止で壊滅へ　金融・通信・交通　韓国経済崩壊寸前,アップロード済
韓国 - 2026-06-04 - 2nd,2nd,韓国,,2026/06/04,まさか都市伝説が　世界のお金が　韓国から日本へ　,アップロード済
韓国 - 2026-06-03 - 1st,1st,韓国,,2026/06/03,韓国が完全終わる　恐怖指数がバレ　国家消滅の危機に,アップロード済
韓国 - 2026-06-03 - 2nd,2nd,韓国,,2026/06/03,韓国、大失敗　国家プロジェクト　天皇に阻まれ終了,アップロード済
韓国 - 2026-06-02 - 1st,1st,韓国,,2026/06/02,韓国民震慄　理解追いつかぬ　真相に大絶叫,アップロード済
韓国 - 2026-06-02 - 2nd,2nd,韓国,,2026/06/02,韓国民崩れ落ちる　米司令官電撃発表　日本は助けず無視,アップロード済
韓国 - 2026-06-01 - 1st,1st,韓国,,2026/06/01,首脳会談の裏側！　韓国土下座懇願　日本バッサリと,アップロード済
韓国 - 2026-06-01 - 2nd,2nd,韓国,,2026/06/01,日米比加豪新が　拒否した瞬間　韓国大パニック,アップロード済
韓国 - 2026-05-31 - 1st,1st,韓国,,2026/05/31,腐った韓国へ　国際機関電撃発表　　最終警告！！　,アップロード済
韓国 - 2026-05-31 - 2nd,2nd,韓国,,2026/05/31,韓国大騒ぎ　米豪新が参加拒否　完全に日本が,アップロード済
ア経済｜会員向け - 2026-05-31 - 会員向け,会員向け,ア経済｜会員向け,,2026/05/31,激動アジア富の行方　大富豪が最後に選ぶ　禍を避ける陰徳の法,アップロード済
韓国 - 2026-05-30 - 1st,1st,韓国,,2026/05/30,日本利益総取り　韓国完全敗北　損失拡大で絶望,アップロード済
韓国 - 2026-05-30 - 2nd,2nd,韓国,,2026/05/30,日本の冷酷策略　全財産没収に　韓国大慌て,アップロード済
韓国 - 2026-05-29 - 1st,1st,韓国,要検証,2026/05/29,韓国危険水域　既に手遅れ　もう止まりません,アップロード済
韓国 - 2026-05-29 - 2nd,2nd,韓国,,2026/05/29,韓国批判の嵐　世界も警戒　収拾不能緊迫状態,アップロード済
韓国 - 2026-05-28 - 1st,1st,韓国,,2026/05/28,米国裏で極秘始動　怯える韓国政府　世界へ波紋,アップロード済
韓国 - 2026-05-28 - 2nd,2nd,韓国,,2026/05/28,イジェミョン暴走　韓国民激怒の中　国際刑事逮捕へ,アップロード済
韓国 - 2026-05-27 - 1st,1st,韓国,,2026/05/27,ついに認めた　実は日本製　哀れ韓国失笑続出,アップロード済
韓国 - 2026-05-27 - 2nd,1st,韓国,,2026/05/27,韓国まさか　激震発表　悲鳴の嵐,アップロード済
中国 - 2026-05-26 - 3rd,3rd,中国,,2026/05/26,【速報】中国豪雨　記録被害同時洪水　都市壊滅財政破綻,アップロード済
韓国 - 2026-05-26 - 1st,1st,韓国,,2026/05/26,ま、待ってくれ　まさか非常事態に　韓国、懸命の延命,アップロード済
韓国 - 2026-05-26 - 2nd,2nd,韓国,,2026/05/26,専門家調査へ　9割復旧不可能　韓国衝撃突如後悔,アップロード済
韓国 - 2026-05-25 - 2nd,2nd,韓国,,2026/05/25,韓国の計画大失敗　日本が完全拒否　事実知り韓民屈辱,アップロード済
韓国 - 2026-05-25 - 1st,1st,韓国,,2026/05/25,韓国、重要産業　収益半減地獄絵図　人金も全て日本へ,アップロード済
韓国 - 2026-05-24 - 2nd,2nd,韓国,,2026/05/24,泣きつく　韓国正気？　日本絶句,アップロード済
韓国 - 2026-05-24 - 1st,1st,韓国,,2026/05/24,アラブ本気か？　全利益没収　韓国政府騒然,アップロード済
ア経済｜会員向け - 2026-05-24 - 会員向け,会員向け,ア経済｜会員向け,,2026/05/24,激動の時代に辿り着く場所　成功者たちが最後に求めた『絶対的仕合わせ』,アップロード済
韓国 - 2026-05-23 - 1st,1st,韓国,,2026/05/23,裏で泣きつく　韓国大損害　日本儲り腰抜かす,アップロード済
韓国 - 2026-05-23 - 2nd,2nd,韓国,,2026/05/23,ニュージー辞退し　世界で炎上　韓国大慌て,アップロード済
韓国 - 2026-05-22 - 1st,1st,韓国,,2026/05/22,韓国絶句　国際協力断固拒否　屈辱公式発表,アップロード済
韓国 - 2026-05-22 - 2nd,2nd,韓国,,2026/05/22,もう、やめて・・　日本民に暴露され　韓国政府が大狂乱,アップロード済
韓国 - 2026-05-21 - 1st,1st,韓国,,2026/05/21,韓国もう限界　国際報道発表　完全に日本が,アップロード済
韓国 - 2026-05-21 - 2nd,2nd,韓国,要検証,2026/05/21,韓国が息巻き決裂　愚かすぎる計画に　寝言は寝て言え,アップロード済
韓国 - 2026-05-20 - 1st,1st,韓国,,2026/05/20,韓国、大失敗　国の生命線産業　日本にボロ負け,アップロード済
韓国 - 2026-05-20 - 2nd,2nd,韓国,,2026/05/20,どうした韓国　日本にこだわり　必死の抵抗,アップロード済
韓国 - 2026-05-19 - 1st,1st,韓国,,2026/05/19,日本緊急通達　あの一大勢力が　日韓全面対決へ,アップロード済
韓国 - 2026-05-19 - 2nd,2nd,韓国,,2026/05/19,韓国号泣　日本断固拒否　受け入れ先無し,アップロード済
韓国 - 2026-05-18 - 1st,1st,韓国,,2026/05/18,イジェミョン空言　韓国退場　世界が怒り心頭,アップロード済
韓国 - 2026-05-18 - 2nd,2nd,韓国,,2026/05/18,韓国の本当の没落　ついに判明　毎日2千億円消失,アップロード済
ア経済｜会員向け - 2026-05-17 - 会員向け,会員向け,ア経済｜会員向け,,2026/05/17,ある富豪の決断　私たちが最後に辿り着く『報恩』の境地,アップロード済
韓国 - 2026-05-17 - 1st,1st,韓国,要検証,2026/05/17,ついに認めた　世界の村上宗隆　韓国民大発狂,アップロード済
韓国 - 2026-05-17 - 2nd,2nd,韓国,,2026/05/17,日本に謝れ　在日韓国人激怒　本国大騒ぎ,アップロード済
韓国 - 2026-05-16 - 2nd,2nd,韓国,,2026/05/16,日本に謝れ　オランダ急変　韓国大慌て,アップロード済
韓国 - 2026-05-16 - 1st,1st,韓国,,2026/05/16,韓国非常事態　ドル流出　経済崩壊へ,アップロード済
韓国 - 2026-05-15 - 1st,1st,韓国,,2026/05/15,日本完全無視　哀れよ韓国大損害　ついに家電総撤退,アップロード済
韓国 - 2026-05-15 - 2nd,2nd,韓国,,2026/05/15,突如フィリピン　韓国へ契約中止　あっさり日本契約,アップロード済
韓国 - 2026-05-14 - 1st,1st,韓国,,2026/05/14,愚かな韓国　スワップに絶望し　緊急SOS,アップロード済
韓国 - 2026-05-14 - 2nd,2nd,韓国,,2026/05/14,韓国真逆　腰抜かす　予想外の驚愕事実,アップロード済
韓国 - 2026-05-13 - 1st,1st,韓国,,2026/05/13,韓国極貧国に転落　滞納続出　国家破産か,アップロード済
韓国 - 2026-05-13 - 2nd,2nd,韓国,,2026/05/13,韓国、完全終了へ　日本企業が大英断　緊急国家消滅危機,アップロード済
韓国 - 2026-05-12 - 1st,1st,韓国,,2026/05/12,韓国民激怒　入国禁止　完全違日本が,アップロード済
韓国 - 2026-05-12 - 2nd,2nd,韓国,,2026/05/12,韓国に批判の嵐　既に手遅れ　もう止まりません,アップロード済
韓国 - 2026-05-11 - 1st,1st,韓国,,2026/05/11,なぜなんだ欧州　相次ぐ却下に　韓国経済壊滅状態,アップロード済
韓国 - 2026-05-11 - 2nd,2nd,韓国,,2026/05/11,日本に勝てません　財閥トップが白状　韓国世界に恥晒す,アップロード済
