名前,タグ,URL,作成日時
ロープワーク,Camp,https://happycamper.jp/_ct/17385462,2023年6月15日 14:43
LAUKA LED ランタン 取り扱い説明書,"Camp, Gear",,2023年6月14日 16:54
Colemanカーサイドテントたたみ方,"Camp, Gear",https://www.youtube.com/watch?v=L5_HWeOP0ws,2023年6月14日 16:42
DODワンポールテントたたみ方,"Camp, Gear",https://www.youtube.com/watch?v=RffD003_E8g,2023年6月14日 16:40
トランクカーゴにスノコ蓋1000円で,"Camp, Gear",https://www.youtube.com/watch?v=oQbG4MLnWxs,2023年6月12日 18:09
くしはら温泉 ささゆりの湯キャンプ場,"Camp, Camp  Site, 岐阜県",https://jekkino.com/camp/kushihara-sasayuri-camp/,2023年6月9日 15:39
"保古の湖キャンプ場　根の上アウトドアパーク恵那 ","Camp, Camp  Site",https://reserve.aerushop.jp/provider/hotel_plan?sourcePage=plalist&planId=122&roomId=69#plan,2023年6月3日 17:03
ひるがの高原コテージパーク四季の郷(郡上市),"Camp, Camp  Site",https://shikinosato.co.jp/autocamp/,2023年6月3日 16:17
星の森オートキャンプ場,"Camp, Camp  Site",https://star.natureservice.jp/,2023年6月3日 16:12
飯地高原自然テント村,"Camp, Camp  Site",https://iijitentomuracamp.localinfo.jp/,2023年6月3日 16:09
" BeetBOX",BeetBOX,https://www.youtube.com/watch?v=QGekqbCwI84,2023年5月27日 0:20
シヴァドラ降臨,パズドラ,https://www.youtube.com/watch?v=EA5gZk3cV3w,2023年5月21日 0:03
シヴァドラ降臨,パズドラ,https://www.youtube.com/watch?v=zJDS9YjIf7w,2023年5月20日 1:02
