名前,URL,タグ,作成日時
シヴァドラ降臨,https://www.youtube.com/watch?v=zJDS9YjIf7w,パズドラ,2023年5月20日 1:02
シヴァドラ降臨,https://www.youtube.com/watch?v=EA5gZk3cV3w,パズドラ,2023年5月21日 0:03
" BeetBOX",https://www.youtube.com/watch?v=QGekqbCwI84,BeetBOX,2023年5月27日 0:20
飯地高原自然テント村,https://iijitentomuracamp.localinfo.jp/,"Camp, Camp  Site",2023年6月3日 16:09
星の森オートキャンプ場,https://star.natureservice.jp/,"Camp, Camp  Site",2023年6月3日 16:12
ひるがの高原コテージパーク四季の郷(郡上市),https://shikinosato.co.jp/autocamp/,"Camp, Camp  Site",2023年6月3日 16:17
"保古の湖キャンプ場　根の上アウトドアパーク恵那 ",https://reserve.aerushop.jp/provider/hotel_plan?sourcePage=plalist&planId=122&roomId=69#plan,"Camp, Camp  Site",2023年6月3日 17:03
くしはら温泉 ささゆりの湯キャンプ場,https://jekkino.com/camp/kushihara-sasayuri-camp/,"Camp, Camp  Site, 岐阜県",2023年6月9日 15:39
トランクカーゴにスノコ蓋1000円で,https://www.youtube.com/watch?v=oQbG4MLnWxs,"Camp, Gear",2023年6月12日 18:09
DODワンポールテントたたみ方,https://www.youtube.com/watch?v=RffD003_E8g,"Camp, Gear",2023年6月14日 16:40
Colemanカーサイドテントたたみ方,https://www.youtube.com/watch?v=L5_HWeOP0ws,"Camp, Gear",2023年6月14日 16:42
LAUKA LED ランタン 取り扱い説明書,,"Camp, Gear",2023年6月14日 16:54
ロープワーク,https://happycamper.jp/_ct/17385462,Camp,2023年6月15日 14:43
