タイトル,"http://www.asahifork.com/cyukosya20-30counter.htmNo.メーカー型式タイプE/G荷重年式使用時間価格写真580ミツビシFD25Tカウンターディーゼル2.5㌧200210568\920.000装備：年次点検整備
簡易塗装備考：",ファイル
簡易塗装備考：",ファイル
,,%E3%83%95%E3%82%A9%E3%83%BC%E3%82%AF%E3%83%AA%E3%83%95%E3%83%88%20%E5%BA%97%E9%A0%AD%E8%B3%BC%E5%85%A5%20%E8%A6%8B%E6%9C%AC%20%E5%85%83/1286615569580.jpg
,,
,"No.メーカー型式タイプE/G荷重年式使用時間価格写真971三菱FD20Tカウンターディーゼル2㌧20041966￥980,000装備：年次点検整備実施済み
ディーゼルＡＴ車備考：",%E3%83%95%E3%82%A9%E3%83%BC%E3%82%AF%E3%83%AA%E3%83%95%E3%83%88%20%E5%BA%97%E9%A0%AD%E8%B3%BC%E5%85%A5%20%E8%A6%8B%E6%9C%AC%20%E5%85%83/untitled
,,
,,
,,%E3%83%95%E3%82%A9%E3%83%BC%E3%82%AF%E3%83%AA%E3%83%95%E3%83%88%20%E5%BA%97%E9%A0%AD%E8%B3%BC%E5%85%A5%20%E8%A6%8B%E6%9C%AC%20%E5%85%83/1271058862971.jpg
,"No.メーカー型式タイプE/G荷重年式使用時間価格写真1081三菱KFD25Tカウンターディーゼル2.4㌧20066369\1,120,000装備：年次点検整備実施
ＡＴ車
アタッチメント：サイドシフト
小型特殊ナンバー取付け公道走行可備考：",%E3%83%95%E3%82%A9%E3%83%BC%E3%82%AF%E3%83%AA%E3%83%95%E3%83%88%20%E5%BA%97%E9%A0%AD%E8%B3%BC%E5%85%A5%20%E8%A6%8B%E6%9C%AC%20%E5%85%83/untitled%201
,,%E3%83%95%E3%82%A9%E3%83%BC%E3%82%AF%E3%83%AA%E3%83%95%E3%83%88%20%E5%BA%97%E9%A0%AD%E8%B3%BC%E5%85%A5%20%E8%A6%8B%E6%9C%AC%20%E5%85%83/12707193631081.jpg
,No.メーカー型式タイプE/G荷重年式使用時間価格写真757三菱FG20Tカウンターｶﾞｿﾘﾝ2㌧200010903\750.000-装備：年次点検整備実施備考：,%E3%83%95%E3%82%A9%E3%83%BC%E3%82%AF%E3%83%AA%E3%83%95%E3%83%88%20%E5%BA%97%E9%A0%AD%E8%B3%BC%E5%85%A5%20%E8%A6%8B%E6%9C%AC%20%E5%85%83/untitled%202
,,%E3%83%95%E3%82%A9%E3%83%BC%E3%82%AF%E3%83%AA%E3%83%95%E3%83%88%20%E5%BA%97%E9%A0%AD%E8%B3%BC%E5%85%A5%20%E8%A6%8B%E6%9C%AC%20%E5%85%83/1263560589757-1.jpg
,"No.メーカー型式タイプE/G荷重年式使用時間価格写真671三菱FD25Tカウンターﾃﾞｨｾﾞﾙ2.5㌧20041465\1.500.000装備：年次点検整備実施
ポジショナーフォーク 2200mm
1連2段フルフリーマスト 3000mm備考：",%E3%83%95%E3%82%A9%E3%83%BC%E3%82%AF%E3%83%AA%E3%83%95%E3%83%88%20%E5%BA%97%E9%A0%AD%E8%B3%BC%E5%85%A5%20%E8%A6%8B%E6%9C%AC%20%E5%85%83/untitled%203
,,
,,
,,%E3%83%95%E3%82%A9%E3%83%BC%E3%82%AF%E3%83%AA%E3%83%95%E3%83%88%20%E5%BA%97%E9%A0%AD%E8%B3%BC%E5%85%A5%20%E8%A6%8B%E6%9C%AC%20%E5%85%83/1263551552671-1.jpg
,,
,"No.メーカー型式タイプE/G荷重年式使用時間価格写真1023三菱KFG20Dカウンターガソリン2㌧20022998\680,000装備：年次点検整備実施済み備考：",%E3%83%95%E3%82%A9%E3%83%BC%E3%82%AF%E3%83%AA%E3%83%95%E3%83%88%20%E5%BA%97%E9%A0%AD%E8%B3%BC%E5%85%A5%20%E8%A6%8B%E6%9C%AC%20%E5%85%83/untitled%204
