プロパティ," 1"," 2"," 3"," 4",ファイル
,,"では、この「ファンを生み出し、申込みを発生させる」ために何をすればよいのか？
                          それは「ブログでライバルとの完全差別化」を完成させる事です。
                          「強烈なライバル」と差別化さえできれば、あなたのブログは自動的にファンが増え、申込みがジワジワ増えていきます！
                          
                          「ライバルと完全差別化するブログ」つまり「完全差別化ブログ」が必要なのです！なぜなら、特定の見込みクライアントから見たら「目立ち、ファンになってしまうブログ」になるからです。
                          
                          さらに「完全差別化ブログ」の特徴を詳しく述べますと・・このような特徴があるのが、完全差別化ブログです！
                          
                          ある程度、ブログでブランドが成り立てば、”放置状態”でも【濃いアクセス】が継続します！！
                          あなた独自の「完全差別化ブログ」はあなたの「長期安定型の財産」になります。
                          
                          
                          以下のような「完全差別化ブログ」を手に入れる事によって次から次へと「契約の申込み」「お問い合わせ」が増え、「アクセス」がグングン伸びる状態になっています！",,,"https://app.notion.com/p/221d8352905f2c38b3cb2bd191d630b0?pvs=21, https://app.notion.com/p/221d8352905f2c38b3cb2bd191d630b0?pvs=21, %E3%80%8C%E5%BC%B7%E3%81%BF%E3%82%BC%E3%83%AD%E3%80%8D%E3%80%8C%E5%A3%B2%E3%82%8A%E3%82%BC%E3%83%AD%E3%80%8D%E3%81%AE%E3%83%9E%E3%83%BC%E3%82%B1%E3%83%86%E3%82%A3%E3%83%B3%E3%82%B0%E5%88%9D%E5%BF%83%E8%80%85%E3%81%A7%E3%82%82%E3%81%A7%E3%81%8D%E3%82%8B%EF%BC%81%E3%80%8C%E5%AE%8C%E5%85%A8%E5%B7%AE%E5%88%A5%E5%8C%96%E3%83%96%E3%83%AD%E3%82%B0%E3%80%8D%E6%A7%8B%E7%AF%89%E3%83%97%E3%83%AD%E3%82%B0%E3%83%A9%E3%83%A0/untitled%2039, https://app.notion.com/p/221d8352905f2c38b3cb2bd191d630b0?pvs=21, https://app.notion.com/p/221d8352905f2c38b3cb2bd191d630b0?pvs=21, https://app.notion.com/p/221d8352905f2c38b3cb2bd191d630b0?pvs=21, %E3%80%8C%E5%BC%B7%E3%81%BF%E3%82%BC%E3%83%AD%E3%80%8D%E3%80%8C%E5%A3%B2%E3%82%8A%E3%82%BC%E3%83%AD%E3%80%8D%E3%81%AE%E3%83%9E%E3%83%BC%E3%82%B1%E3%83%86%E3%82%A3%E3%83%B3%E3%82%B0%E5%88%9D%E5%BF%83%E8%80%85%E3%81%A7%E3%82%82%E3%81%A7%E3%81%8D%E3%82%8B%EF%BC%81%E3%80%8C%E5%AE%8C%E5%85%A8%E5%B7%AE%E5%88%A5%E5%8C%96%E3%83%96%E3%83%AD%E3%82%B0%E3%80%8D%E6%A7%8B%E7%AF%89%E3%83%97%E3%83%AD%E3%82%B0%E3%83%A9%E3%83%A0/untitled%2040, https://app.notion.com/p/221d8352905f2c38b3cb2bd191d630b0?pvs=21, https://app.notion.com/p/221d8352905f2c38b3cb2bd191d630b0?pvs=21, %E3%80%8C%E5%BC%B7%E3%81%BF%E3%82%BC%E3%83%AD%E3%80%8D%E3%80%8C%E5%A3%B2%E3%82%8A%E3%82%BC%E3%83%AD%E3%80%8D%E3%81%AE%E3%83%9E%E3%83%BC%E3%82%B1%E3%83%86%E3%82%A3%E3%83%B3%E3%82%B0%E5%88%9D%E5%BF%83%E8%80%85%E3%81%A7%E3%82%82%E3%81%A7%E3%81%8D%E3%82%8B%EF%BC%81%E3%80%8C%E5%AE%8C%E5%85%A8%E5%B7%AE%E5%88%A5%E5%8C%96%E3%83%96%E3%83%AD%E3%82%B0%E3%80%8D%E6%A7%8B%E7%AF%89%E3%83%97%E3%83%AD%E3%82%B0%E3%83%A9%E3%83%A0/untitled%2041, https://app.notion.com/p/221d8352905f2c38b3cb2bd191d630b0?pvs=21, https://app.notion.com/p/221d8352905f2c38b3cb2bd191d630b0?pvs=21, https://app.notion.com/p/221d8352905f2c38b3cb2bd191d630b0?pvs=21, https://app.notion.com/p/221d8352905f2c38b3cb2bd191d630b0?pvs=21, https://app.notion.com/p/221d8352905f2c38b3cb2bd191d630b0?pvs=21"
