プロパティ," 1","仙道さん、いつもありがとうございます。
                          
                          もし、仙道さんのコンサルを受講していなければ、ブログやメルマガから「30万以上」の契約を複数獲得するのは絶対にできなかったと思います。
                          
                          仙道さんのコンサルを受ける前の私は、マーケティング、セールス、起業の高額講座や集客個別コンサルを複数受けても、ブログを更新することさえ継続できない状態でした。どんなにやさしく教えてもらっても、webのインターネットの話は意味不明でした。もう、webからのコーチング契約獲得はあきらめた方がよいのかと、絶望していました。
                          
                          そんな時に仙道さんのブログ、メルマガに出会い、「これでダメならあきらめよう！」と思い、仙道さんのコンサルの内容である「“完全差別化ブログ”構築プログラム」を最後と決めて受講してみました。本当に、決死の覚悟でした。
                          
                          なぜ、仙道さんのコンサルを受けようと思ったかと言いますとそれまでのマーケティングの話と比べて、「具体的でわかりやすい」部分に感動したからです。色々なコンサルタントの教材やセミナーで勉強してきましたが、ここまで具体的に教えてくれる方はいませんでした。
                          
                          仙道さんが最初に教えてくれたのは、基本中の基本は「マーケット選び」からでした。仙道さんから習った「webで売れるマーケットを見つける方法」を実施することで、自分が生きるマーケットが見つかり、安心して今のポジションで活動できました。
                          
                          そして、わざわざ、私の情熱面、価値観、収入面なども検討した上で私に近い「成功モデル」まで見つけてもらった事でさらにプロセスが明確になりました。
                          
                          このように、webマーケティングをゼロから教えてもらえるのにコンサル契約する前は、怖くて怖くて、また失敗して理解できないんじゃないのかなと、自分に自信が持てない状態でした。今度失敗したら、本当に私はマーケティングの才能がないのでは、と思っていました。・・・
                          
                          「私は何パーセント成功できるのでしょうか？」
                          「本当に、成功できるでしょうか？」
                          
                          など、仙道さんに責任を押し付けるような質問をして、不安を完全に消し去ってから契約しようと思っていました。
                          
                          契約前に、かなり疑い深い態度を取ってしまい、すいませんでした。そんな私をコンサルで受け入れてくれて、ありがとうございます。救われました。
                          
                          その後、「成功モデル」と差別化する為に自分の強み、才能を“複数見出していく”「具体的１９の質問集」で「私の強み」を複数引き出していただきました。
                          
                          「自分の強み」は見えてないものですね。かなり具体的に色々な視点から質問してもらえたおかげで・・・・
                          
                          「私の強みは１つだけじゃないんだ！こんなに複数あるんだ！」
                          
                          と大きな気づきを得て、自信がつきました！
                          
                          そして、私の強みを引き出すだけではなく「ターゲットを絞っていく“具体的1４の質問”」を使って“私にピッタリのターゲット層”まで知ることができました！
                          
                          今まで「ターゲットを絞れ！」「市場を絞れ！」と色々なコンサルタントに言われていましたが、絞り方が具体的にわからず苦労していました。
                          
                          仙道さんに言われた
                          「自分の強みが最大限に生きる市場が見つかるまで、絞りましょう！」
                          という言葉は忘れません。
                          
                          もし、仙道さんに「方向性」や「差別化」のアドバイスをいただかなかったら顧客の絞りがまったくできず、未だに「ありふれた、どこにでもいるコーチ」のままだったでしょう・・・
                          
                          1人で見込み客を絞るのは、すごく怖かったのです。
                          見込み客が1人もいなくなるのではないかと・・・
                          
                          私1人の判断であれば、変化を恐れて、ずーっと同じ方法を取っていましたから。仙道さんに、「見込み客を絞るように」指導された時も、反対してしまいましたがその理由を、詳しく私が納得するまで教えていただけたので、安心して見込み客を絞る事ができ、次のステージに進化する事ができました。
                          
                          後は、ライバル調査についてもまったく知らなったので、具体的に調査する方法を教えていただきありがとうございました。
                          ライバルを調査して「弱み」と「強み」を見極める技術は、ずーっと使えそうです。
                          この方法であれば「自分のライバルが誰であるのか？」という事やライバルの「強み」と「弱み」が明確になるので、空いているポジションが見えてきました。無理に強烈なライバルと戦わなくよい方法なので、感激しました。
                          
                          本当はあまり、回りに教えたくない方法ですね。
                          それを惜しみなく私に教えていただきありがとうございます。
                          
                          「自分の強み」「見込みクライアント」「ライバルの特徴」の3点が明確になったので私は、自分の独自の売りである「USP」を作成してベストポジションを確保する事ができました。ここまでこの手順を通ればできるんですね。誰も教えてくれなかったです。
                          
                          また違うビジネスを実施する時も使わせてもらいます。
                          
                          また、さらに「ブログタイトル」や自分の「肩書き」「プロフィール」を決めるのも私は神経質の為いつも先延ばしになっていました。
                          
                          今回の仙道さんの「“完全差別化ブログ”構築プログラム」を途中まで実施すると、私の「差別化の要素」が明確になりましたので、
                          
                          その後、差別化要素を落とし込んだ「キャッチコピー」「ブログタイトル」の作成術で、長年の悩みだったイマイチのキャッチコピーを修正できました。
                          
                          「ブログに何を書いてよいかわからない」という悩みも、仙道さんにコンサルしてもらった「ブログのコンテンツメニューの作成方法」で作れば、魅力的な内容に変身してきました！ 
                          このブログ内容は私も大好きで、クライアント様にも好評なんです！
                          
その後、問題はライティング。
私はブログを書こうとすると「神経質で完璧主義な部分」が表にでてきて、毎日「3時間以上」使わないと、1記事もかけませんでした。

しかし、仙道さんのライティング指導の中で継続の本質をアドバイスをいただけたのですごく、気が楽になりました。
完璧主義でライティングを続けるのは本当に苦しいことなのです。

おかげさまで、ライティングの時間も短縮する事ができるようになり、昔ほど、サボるクセが抜けました。細かい部分まで教えてもらいありがとうございました。
本当に、爪が甘い状態でしたので、ハッキリ言っていただきありがとうございました。

そして、「“完全差別化ブログ”構築プログラム」受講3ヶ月目に、ブログからセッションの申込みが来ました。
ここでも、スカイプでコーチングを実施するのは初めてでしたので、セールスクロージングが上手くいきませんでした。

またまた、仙道さんに頼りました。すると、すぐに30 万の契約を獲得する事ができました。

「仙道さんのアドバイスは本物だったんだ、信じてきた私の選択は正解だったんだ！」

この瞬間から私の中で、何かが変わりました！すごくセルフイメージが高まりましたしブログやメルマガを書いてきた意味がようやくわかりました。

そして、今まで、仙道さんに疑念を頂いていた自分が恥ずかしくなりました。

今では、自分でwebのわからない所を調べたり、自分で考えられるまでになり前とは、ウソみたいにweb集客の行動ができるようになっています。

まだまだ、未熟物ですが、仙道さんの指導を思い出して頑張れば不安や心配事は小さくなります！

今まで指導していただき、ありがとうございました。
そして、これからも、よろしくお願いします！

私も仙道さんに追いつけるぐらいに、頑張っていきたいと思います！いかがでしょうか？手紙の内容から「完全差別化ブログ構築プログラム」がどのような効果をもたらしているか、ご理解できましたでしょうか？
                          
                          では、いよいよ具体的な内容の一部を公開していきたいと思います。"," 2"," 3",ファイル
